id,folder_path,filename,extension,s3_url,collection_tag,audio_url,album_art_url
1,,_ ðŸ¦… HAWK EYE THE RAPPER_ The Voice of a Generatio,md,https://s3.omniversalmedia.app/src/data/HAWK-ARS-00/_ ðŸ¦… HAWK EYE THE RAPPER_ The Voice of a Generatio.md,,,
2,,# Hawkâ€™s Nest,html,https://s3.omniversalmedia.app/src/data/HAWK-ARS-00/# Hawkâ€™s Nest.html,,,
3,,â”‚Â Â  â”œâ”€â”€ 01_will_you_listen,ipynb,https://s3.omniversalmedia.app/src/data/HAWK-ARS-00/â”‚Â Â  â”œâ”€â”€ 01_will_you_listen.ipynb,,,
4,,â”‚Â Â  â”œâ”€â”€ 01_will_you_listen,md,https://s3.omniversalmedia.app/src/data/HAWK-ARS-00/â”‚Â Â  â”œâ”€â”€ 01_will_you_listen.md,,,
5,,â”‚Â Â  â”œâ”€â”€ 02_psyops,ipynb,https://s3.omniversalmedia.app/src/data/HAWK-ARS-00/â”‚Â Â  â”œâ”€â”€ 02_psyops.ipynb,,,
6,,â”‚Â Â  â”œâ”€â”€ 02_psyops,md,https://s3.omniversalmedia.app/src/data/HAWK-ARS-00/â”‚Â Â  â”œâ”€â”€ 02_psyops.md,,,
7,,â”‚Â Â  â”œâ”€â”€ 03_incantations,ipynb,https://s3.omniversalmedia.app/src/data/HAWK-ARS-00/â”‚Â Â  â”œâ”€â”€ 03_incantations.ipynb,,,
8,,â”‚Â Â  â”œâ”€â”€ 03_incantations,md,https://s3.omniversalmedia.app/src/data/HAWK-ARS-00/â”‚Â Â  â”œâ”€â”€ 03_incantations.md,,,
9,,â”‚Â Â  â”œâ”€â”€ 04_mind_kontrol,ipynb,https://s3.omniversalmedia.app/src/data/HAWK-ARS-00/â”‚Â Â  â”œâ”€â”€ 04_mind_kontrol.ipynb,,,
10,,â”‚Â Â  â”œâ”€â”€ 04_mind_kontrol,md,https://s3.omniversalmedia.app/src/data/HAWK-ARS-00/â”‚Â Â  â”œâ”€â”€ 04_mind_kontrol.md,,,
11,,â”‚Â Â  â”œâ”€â”€ 05_return_of_kings,ipynb,https://s3.omniversalmedia.app/src/data/HAWK-ARS-00/â”‚Â Â  â”œâ”€â”€ 05_return_of_kings.ipynb,,,
12,,â”‚Â Â  â”œâ”€â”€ 05_return_of_kings,md,https://s3.omniversalmedia.app/src/data/HAWK-ARS-00/â”‚Â Â  â”œâ”€â”€ 05_return_of_kings.md,,,
13,,â”‚Â Â  â”œâ”€â”€ 06_politicians,ipynb,https://s3.omniversalmedia.app/src/data/HAWK-ARS-00/â”‚Â Â  â”œâ”€â”€ 06_politicians.ipynb,,,
14,,â”‚Â Â  â”œâ”€â”€ 06_politicians,md,https://s3.omniversalmedia.app/src/data/HAWK-ARS-00/â”‚Â Â  â”œâ”€â”€ 06_politicians.md,,,
15,,â”‚Â Â  â”œâ”€â”€ 07_the_vow,ipynb,https://s3.omniversalmedia.app/src/data/HAWK-ARS-00/â”‚Â Â  â”œâ”€â”€ 07_the_vow.ipynb,,,
16,,â”‚Â Â  â”œâ”€â”€ 07_the_vow,md,https://s3.omniversalmedia.app/src/data/HAWK-ARS-00/â”‚Â Â  â”œâ”€â”€ 07_the_vow.md,,,
17,,â”‚Â Â  â””â”€â”€ Singles_Arsenal,md,https://s3.omniversalmedia.app/src/data/HAWK-ARS-00/â”‚Â Â  â””â”€â”€ Singles_Arsenal.md,,,
18,,â”‚Â Â  â”‚Â Â  â”œâ”€â”€ 01_swordfish,ipynb,https://s3.omniversalmedia.app/src/data/HAWK-ARS-00/â”‚Â Â  â”‚Â Â  â”œâ”€â”€ 01_swordfish.ipynb,,,
19,,â”‚Â Â  â”‚Â Â  â”œâ”€â”€ 01_swordfish,md,https://s3.omniversalmedia.app/src/data/HAWK-ARS-00/â”‚Â Â  â”‚Â Â  â”œâ”€â”€ 01_swordfish.md,,,
20,,â”‚Â Â  â”‚Â Â  â”œâ”€â”€ 02_full_disclosure_lyrics-compilation,html,https://s3.omniversalmedia.app/src/data/HAWK-ARS-00/â”‚Â Â  â”‚Â Â  â”œâ”€â”€ 02_full_disclosure_lyrics-compilation.html,,,
21,,â”‚Â Â  â”‚Â Â  â”œâ”€â”€ 02_mic_check,ipynb,https://s3.omniversalmedia.app/src/data/HAWK-ARS-00/â”‚Â Â  â”‚Â Â  â”œâ”€â”€ 02_mic_check.ipynb,,,
22,,â”‚Â Â  â”‚Â Â  â”œâ”€â”€ 02_mic_check,md,https://s3.omniversalmedia.app/src/data/HAWK-ARS-00/â”‚Â Â  â”‚Â Â  â”œâ”€â”€ 02_mic_check.md,,,
23,,â”‚Â Â  â”‚Â Â  â”œâ”€â”€ 03_shakur,ipynb,https://s3.omniversalmedia.app/src/data/HAWK-ARS-00/â”‚Â Â  â”‚Â Â  â”œâ”€â”€ 03_shakur.ipynb,,,
24,,â”‚Â Â  â”‚Â Â  â”œâ”€â”€ 03_shakur,md,https://s3.omniversalmedia.app/src/data/HAWK-ARS-00/â”‚Â Â  â”‚Â Â  â”œâ”€â”€ 03_shakur.md,,,
25,,â”‚Â Â  â”‚Â Â  â”œâ”€â”€ 04_last_one_left,ipynb,https://s3.omniversalmedia.app/src/data/HAWK-ARS-00/â”‚Â Â  â”‚Â Â  â”œâ”€â”€ 04_last_one_left.ipynb,,,
26,,â”‚Â Â  â”‚Â Â  â”œâ”€â”€ 04_last_one_left,md,https://s3.omniversalmedia.app/src/data/HAWK-ARS-00/â”‚Â Â  â”‚Â Â  â”œâ”€â”€ 04_last_one_left.md,,,
27,,â”‚Â Â  â”‚Â Â  â”œâ”€â”€ 05_full_disclosure,ipynb,https://s3.omniversalmedia.app/src/data/HAWK-ARS-00/â”‚Â Â  â”‚Â Â  â”œâ”€â”€ 05_full_disclosure.ipynb,,,
28,,â”‚Â Â  â”‚Â Â  â”œâ”€â”€ 05_full_disclosure,md,https://s3.omniversalmedia.app/src/data/HAWK-ARS-00/â”‚Â Â  â”‚Â Â  â”œâ”€â”€ 05_full_disclosure.md,,,
29,,â”‚Â Â  â”‚Â Â  â”œâ”€â”€ 06_lifted,ipynb,https://s3.omniversalmedia.app/src/data/HAWK-ARS-00/â”‚Â Â  â”‚Â Â  â”œâ”€â”€ 06_lifted.ipynb,,,
30,,â”‚Â Â  â”‚Â Â  â”œâ”€â”€ 06_lifted,md,https://s3.omniversalmedia.app/src/data/HAWK-ARS-00/â”‚Â Â  â”‚Â Â  â”œâ”€â”€ 06_lifted.md,,,
31,,â”‚Â Â  â”‚Â Â  â”œâ”€â”€ 07_fuck_society,ipynb,https://s3.omniversalmedia.app/src/data/HAWK-ARS-00/â”‚Â Â  â”‚Â Â  â”œâ”€â”€ 07_fuck_society.ipynb,,,
32,,â”‚Â Â  â”‚Â Â  â”œâ”€â”€ 07_fuck_society,md,https://s3.omniversalmedia.app/src/data/HAWK-ARS-00/â”‚Â Â  â”‚Â Â  â”œâ”€â”€ 07_fuck_society.md,,,
33,,â”‚Â Â  â”‚Â Â  â”œâ”€â”€ 08_ashes,ipynb,https://s3.omniversalmedia.app/src/data/HAWK-ARS-00/â”‚Â Â  â”‚Â Â  â”œâ”€â”€ 08_ashes.ipynb,,,
34,,â”‚Â Â  â”‚Â Â  â”œâ”€â”€ 08_ashes,md,https://s3.omniversalmedia.app/src/data/HAWK-ARS-00/â”‚Â Â  â”‚Â Â  â”œâ”€â”€ 08_ashes.md,,,
35,,â”‚Â Â  â”‚Â Â  â”œâ”€â”€ 09_haunted,ipynb,https://s3.omniversalmedia.app/src/data/HAWK-ARS-00/â”‚Â Â  â”‚Â Â  â”œâ”€â”€ 09_haunted.ipynb,,,
36,,â”‚Â Â  â”‚Â Â  â”œâ”€â”€ 09_haunted,md,https://s3.omniversalmedia.app/src/data/HAWK-ARS-00/â”‚Â Â  â”‚Â Â  â”œâ”€â”€ 09_haunted.md,,,
37,,â”‚Â Â  â”‚Â Â  â”œâ”€â”€ 10_monumental,ipynb,https://s3.omniversalmedia.app/src/data/HAWK-ARS-00/â”‚Â Â  â”‚Â Â  â”œâ”€â”€ 10_monumental.ipynb,,,
38,,â”‚Â Â  â”‚Â Â  â”œâ”€â”€ 10_monumental,md,https://s3.omniversalmedia.app/src/data/HAWK-ARS-00/â”‚Â Â  â”‚Â Â  â”œâ”€â”€ 10_monumental.md,,,
39,,â”‚Â Â  â”‚Â Â  â”œâ”€â”€ 11_trafficked_web,md,https://s3.omniversalmedia.app/src/data/HAWK-ARS-00/â”‚Â Â  â”‚Â Â  â”œâ”€â”€ 11_trafficked_web.md,,,
40,,â”‚Â Â  â”‚Â Â  â”œâ”€â”€ 11_trafficked,ipynb,https://s3.omniversalmedia.app/src/data/HAWK-ARS-00/â”‚Â Â  â”‚Â Â  â”œâ”€â”€ 11_trafficked.ipynb,,,
41,,â”‚Â Â  â”‚Â Â  â”œâ”€â”€ 11_trafficked,md,https://s3.omniversalmedia.app/src/data/HAWK-ARS-00/â”‚Â Â  â”‚Â Â  â”œâ”€â”€ 11_trafficked.md,,,
42,,â”‚Â Â  â”‚Â Â  â”œâ”€â”€ 12_hocus_pocus,ipynb,https://s3.omniversalmedia.app/src/data/HAWK-ARS-00/â”‚Â Â  â”‚Â Â  â”œâ”€â”€ 12_hocus_pocus.ipynb,,,
43,,â”‚Â Â  â”‚Â Â  â”œâ”€â”€ 12_hocus_pocus,md,https://s3.omniversalmedia.app/src/data/HAWK-ARS-00/â”‚Â Â  â”‚Â Â  â”œâ”€â”€ 12_hocus_pocus.md,,,
44,,â”‚Â Â  â”‚Â Â  â”œâ”€â”€ 13_syntax,ipynb,https://s3.omniversalmedia.app/src/data/HAWK-ARS-00/â”‚Â Â  â”‚Â Â  â”œâ”€â”€ 13_syntax.ipynb,,,
45,,â”‚Â Â  â”‚Â Â  â”œâ”€â”€ 13_syntax,md,https://s3.omniversalmedia.app/src/data/HAWK-ARS-00/â”‚Â Â  â”‚Â Â  â”œâ”€â”€ 13_syntax.md,,,
46,,â”‚Â Â  â”‚Â Â  â”œâ”€â”€ 14_stay_real,ipynb,https://s3.omniversalmedia.app/src/data/HAWK-ARS-00/â”‚Â Â  â”‚Â Â  â”œâ”€â”€ 14_stay_real.ipynb,,,
47,,â”‚Â Â  â”‚Â Â  â”œâ”€â”€ 14_stay_real,md,https://s3.omniversalmedia.app/src/data/HAWK-ARS-00/â”‚Â Â  â”‚Â Â  â”œâ”€â”€ 14_stay_real.md,,,
48,,â”‚Â Â  â”‚Â Â  â”œâ”€â”€ 15_the_story_of_our_former_glory,ipynb,https://s3.omniversalmedia.app/src/data/HAWK-ARS-00/â”‚Â Â  â”‚Â Â  â”œâ”€â”€ 15_the_story_of_our_former_glory.ipynb,,,
49,,â”‚Â Â  â”‚Â Â  â”œâ”€â”€ 15_the_story_of_our_former_glory,md,https://s3.omniversalmedia.app/src/data/HAWK-ARS-00/â”‚Â Â  â”‚Â Â  â”œâ”€â”€ 15_the_story_of_our_former_glory.md,,,
50,,â”‚Â Â  â”‚Â Â  â”œâ”€â”€ EverLightsCriticalSynopsis,ipynb,https://s3.omniversalmedia.app/src/data/HAWK-ARS-00/â”‚Â Â  â”‚Â Â  â”œâ”€â”€ EverLightsCriticalSynopsis.ipynb,,,
51,,â”‚Â Â  â”‚Â Â  â””â”€â”€ FullDisclosure_Arsenal,md,https://s3.omniversalmedia.app/src/data/HAWK-ARS-00/â”‚Â Â  â”‚Â Â  â””â”€â”€ FullDisclosure_Arsenal.md,,,
52,,â”‚Â Â  â”‚Â Â  â”œâ”€â”€ 01_warning_shots,ipynb,https://s3.omniversalmedia.app/src/data/HAWK-ARS-00/â”‚Â Â  â”‚Â Â  â”œâ”€â”€ 01_warning_shots.ipynb,,,
53,,â”‚Â Â  â”‚Â Â  â”œâ”€â”€ 01_warning_shots,md,https://s3.omniversalmedia.app/src/data/HAWK-ARS-00/â”‚Â Â  â”‚Â Â  â”œâ”€â”€ 01_warning_shots.md,,,
54,,â”‚Â Â  â”‚Â Â  â”œâ”€â”€ 02_behold_a_pale_horse,ipynb,https://s3.omniversalmedia.app/src/data/HAWK-ARS-00/â”‚Â Â  â”‚Â Â  â”œâ”€â”€ 02_behold_a_pale_horse.ipynb,,,
55,,â”‚Â Â  â”‚Â Â  â”œâ”€â”€ 02_behold_a_pale_horse,md,https://s3.omniversalmedia.app/src/data/HAWK-ARS-00/â”‚Â Â  â”‚Â Â  â”œâ”€â”€ 02_behold_a_pale_horse.md,,,
56,,â”‚Â Â  â”‚Â Â  â”œâ”€â”€ 03_kamikaze,ipynb,https://s3.omniversalmedia.app/src/data/HAWK-ARS-00/â”‚Â Â  â”‚Â Â  â”œâ”€â”€ 03_kamikaze.ipynb,,,
57,,â”‚Â Â  â”‚Â Â  â”œâ”€â”€ 03_kamikaze,md,https://s3.omniversalmedia.app/src/data/HAWK-ARS-00/â”‚Â Â  â”‚Â Â  â”œâ”€â”€ 03_kamikaze.md,,,
58,,â”‚Â Â  â”‚Â Â  â”œâ”€â”€ 04_whistleblower,ipynb,https://s3.omniversalmedia.app/src/data/HAWK-ARS-00/â”‚Â Â  â”‚Â Â  â”œâ”€â”€ 04_whistleblower.ipynb,,,
59,,â”‚Â Â  â”‚Â Â  â”œâ”€â”€ 04_whistleblower,md,https://s3.omniversalmedia.app/src/data/HAWK-ARS-00/â”‚Â Â  â”‚Â Â  â”œâ”€â”€ 04_whistleblower.md,,,
60,,â”‚Â Â  â”‚Â Â  â”œâ”€â”€ 05_superstitions,ipynb,https://s3.omniversalmedia.app/src/data/HAWK-ARS-00/â”‚Â Â  â”‚Â Â  â”œâ”€â”€ 05_superstitions.ipynb,,,
61,,â”‚Â Â  â”‚Â Â  â”œâ”€â”€ 05_superstitions,md,https://s3.omniversalmedia.app/src/data/HAWK-ARS-00/â”‚Â Â  â”‚Â Â  â”œâ”€â”€ 05_superstitions.md,,,
62,,â”‚Â Â  â”‚Â Â  â”œâ”€â”€ 06_scripture,ipynb,https://s3.omniversalmedia.app/src/data/HAWK-ARS-00/â”‚Â Â  â”‚Â Â  â”œâ”€â”€ 06_scripture.ipynb,,,
63,,â”‚Â Â  â”‚Â Â  â”œâ”€â”€ 06_scripture,md,https://s3.omniversalmedia.app/src/data/HAWK-ARS-00/â”‚Â Â  â”‚Â Â  â”œâ”€â”€ 06_scripture.md,,,
64,,â”‚Â Â  â”‚Â Â  â”œâ”€â”€ 07_menace_to_society,ipynb,https://s3.omniversalmedia.app/src/data/HAWK-ARS-00/â”‚Â Â  â”‚Â Â  â”œâ”€â”€ 07_menace_to_society.ipynb,,,
65,,â”‚Â Â  â”‚Â Â  â”œâ”€â”€ 07_menace_to_society,md,https://s3.omniversalmedia.app/src/data/HAWK-ARS-00/â”‚Â Â  â”‚Â Â  â”œâ”€â”€ 07_menace_to_society.md,,,
66,,â”‚Â Â  â”‚Â Â  â”œâ”€â”€ 08_semi-automatic,ipynb,https://s3.omniversalmedia.app/src/data/HAWK-ARS-00/â”‚Â Â  â”‚Â Â  â”œâ”€â”€ 08_semi-automatic.ipynb,,,
67,,â”‚Â Â  â”‚Â Â  â”œâ”€â”€ 08_semi-automatic,md,https://s3.omniversalmedia.app/src/data/HAWK-ARS-00/â”‚Â Â  â”‚Â Â  â”œâ”€â”€ 08_semi-automatic.md,,,
68,,â”‚Â Â  â”‚Â Â  â”œâ”€â”€ 09_reverse_this_curse,ipynb,https://s3.omniversalmedia.app/src/data/HAWK-ARS-00/â”‚Â Â  â”‚Â Â  â”œâ”€â”€ 09_reverse_this_curse.ipynb,,,
69,,â”‚Â Â  â”‚Â Â  â”œâ”€â”€ 09_reverse_this_curse,md,https://s3.omniversalmedia.app/src/data/HAWK-ARS-00/â”‚Â Â  â”‚Â Â  â”œâ”€â”€ 09_reverse_this_curse.md,,,
70,,â”‚Â Â  â”‚Â Â  â”œâ”€â”€ 10_kt,ipynb,https://s3.omniversalmedia.app/src/data/HAWK-ARS-00/â”‚Â Â  â”‚Â Â  â”œâ”€â”€ 10_kt.ipynb,,,
71,,â”‚Â Â  â”‚Â Â  â”œâ”€â”€ 10_kt,md,https://s3.omniversalmedia.app/src/data/HAWK-ARS-00/â”‚Â Â  â”‚Â Â  â”œâ”€â”€ 10_kt.md,,,
72,,â”‚Â Â  â”‚Â Â  â”œâ”€â”€ 11_the_story_celebrated_throughout_time,ipynb,https://s3.omniversalmedia.app/src/data/HAWK-ARS-00/â”‚Â Â  â”‚Â Â  â”œâ”€â”€ 11_the_story_celebrated_throughout_time.ipynb,,,
73,,â”‚Â Â  â”‚Â Â  â”œâ”€â”€ 11_the_story_celebrated_throughout_time,md,https://s3.omniversalmedia.app/src/data/HAWK-ARS-00/â”‚Â Â  â”‚Â Â  â”œâ”€â”€ 11_the_story_celebrated_throughout_time.md,,,
74,,â”‚Â Â  â”‚Â Â  â”œâ”€â”€ BAPH-LMA_baphlyrics-compilation,html,https://s3.omniversalmedia.app/src/data/HAWK-ARS-00/â”‚Â Â  â”‚Â Â  â”œâ”€â”€ BAPH-LMA_baphlyrics-compilation.html,,,
75,,â”‚Â Â  â”‚Â Â  â”œâ”€â”€ BeholdAPaleHorse_Arsenal,md,https://s3.omniversalmedia.app/src/data/HAWK-ARS-00/â”‚Â Â  â”‚Â Â  â”œâ”€â”€ BeholdAPaleHorse_Arsenal.md,,,
76,,â”‚Â Â  â”‚Â Â  â”œâ”€â”€ EverLightsInitialThoughts,ipynb,https://s3.omniversalmedia.app/src/data/HAWK-ARS-00/â”‚Â Â  â”‚Â Â  â”œâ”€â”€ EverLightsInitialThoughts.ipynb,,,
77,,â”‚Â Â  â”‚Â Â  â”œâ”€â”€ EverLightsInitialThoughts,md,https://s3.omniversalmedia.app/src/data/HAWK-ARS-00/â”‚Â Â  â”‚Â Â  â”œâ”€â”€ EverLightsInitialThoughts.md,,,
78,,â”‚Â Â  â”‚Â Â  â”œâ”€â”€ EverLightsRite,ipynb,https://s3.omniversalmedia.app/src/data/HAWK-ARS-00/â”‚Â Â  â”‚Â Â  â”œâ”€â”€ EverLightsRite.ipynb,,,
79,,â”‚Â Â  â”‚Â Â  â””â”€â”€ EverLightsRite,md,https://s3.omniversalmedia.app/src/data/HAWK-ARS-00/â”‚Â Â  â”‚Â Â  â””â”€â”€ EverLightsRite.md,,,
80,,â”‚Â Â  â”‚Â Â  â”œâ”€â”€ 01_soft_disclosure,ipynb,https://s3.omniversalmedia.app/src/data/HAWK-ARS-00/â”‚Â Â  â”‚Â Â  â”œâ”€â”€ 01_soft_disclosure.ipynb,,,
81,,â”‚Â Â  â”‚Â Â  â”œâ”€â”€ 01_soft_disclosure,md,https://s3.omniversalmedia.app/src/data/HAWK-ARS-00/â”‚Â Â  â”‚Â Â  â”œâ”€â”€ 01_soft_disclosure.md,,,
82,,â”‚Â Â  â”‚Â Â  â”œâ”€â”€ 02_abreactions,ipynb,https://s3.omniversalmedia.app/src/data/HAWK-ARS-00/â”‚Â Â  â”‚Â Â  â”œâ”€â”€ 02_abreactions.ipynb,,,
83,,â”‚Â Â  â”‚Â Â  â”œâ”€â”€ 02_abreactions,md,https://s3.omniversalmedia.app/src/data/HAWK-ARS-00/â”‚Â Â  â”‚Â Â  â”œâ”€â”€ 02_abreactions.md,,,
84,,â”‚Â Â  â”‚Â Â  â”œâ”€â”€ 03_eyes_wide_open,ipynb,https://s3.omniversalmedia.app/src/data/HAWK-ARS-00/â”‚Â Â  â”‚Â Â  â”œâ”€â”€ 03_eyes_wide_open.ipynb,,,
85,,â”‚Â Â  â”‚Â Â  â”œâ”€â”€ 03_eyes_wide_open,md,https://s3.omniversalmedia.app/src/data/HAWK-ARS-00/â”‚Â Â  â”‚Â Â  â”œâ”€â”€ 03_eyes_wide_open.md,,,
86,,â”‚Â Â  â”‚Â Â  â”œâ”€â”€ 04_delta_squad,ipynb,https://s3.omniversalmedia.app/src/data/HAWK-ARS-00/â”‚Â Â  â”‚Â Â  â”œâ”€â”€ 04_delta_squad.ipynb,,,
87,,â”‚Â Â  â”‚Â Â  â”œâ”€â”€ 04_delta_squad,md,https://s3.omniversalmedia.app/src/data/HAWK-ARS-00/â”‚Â Â  â”‚Â Â  â”œâ”€â”€ 04_delta_squad.md,,,
88,,â”‚Â Â  â”‚Â Â  â”œâ”€â”€ 05_implants,ipynb,https://s3.omniversalmedia.app/src/data/HAWK-ARS-00/â”‚Â Â  â”‚Â Â  â”œâ”€â”€ 05_implants.ipynb,,,
89,,â”‚Â Â  â”‚Â Â  â”œâ”€â”€ 05_implants,md,https://s3.omniversalmedia.app/src/data/HAWK-ARS-00/â”‚Â Â  â”‚Â Â  â”œâ”€â”€ 05_implants.md,,,
90,,â”‚Â Â  â”‚Â Â  â”œâ”€â”€ 06_illuminati,ipynb,https://s3.omniversalmedia.app/src/data/HAWK-ARS-00/â”‚Â Â  â”‚Â Â  â”œâ”€â”€ 06_illuminati.ipynb,,,
91,,â”‚Â Â  â”‚Â Â  â”œâ”€â”€ 06_illuminati,md,https://s3.omniversalmedia.app/src/data/HAWK-ARS-00/â”‚Â Â  â”‚Â Â  â”œâ”€â”€ 06_illuminati.md,,,
92,,â”‚Â Â  â”‚Â Â  â”œâ”€â”€ 07_fema,ipynb,https://s3.omniversalmedia.app/src/data/HAWK-ARS-00/â”‚Â Â  â”‚Â Â  â”œâ”€â”€ 07_fema.ipynb,,,
93,,â”‚Â Â  â”‚Â Â  â”œâ”€â”€ 07_fema,md,https://s3.omniversalmedia.app/src/data/HAWK-ARS-00/â”‚Â Â  â”‚Â Â  â”œâ”€â”€ 07_fema.md,,,
94,,â”‚Â Â  â”‚Â Â  â”œâ”€â”€ 08_the_antidote,ipynb,https://s3.omniversalmedia.app/src/data/HAWK-ARS-00/â”‚Â Â  â”‚Â Â  â”œâ”€â”€ 08_the_antidote.ipynb,,,
95,,â”‚Â Â  â”‚Â Â  â”œâ”€â”€ 08_the_antidote,md,https://s3.omniversalmedia.app/src/data/HAWK-ARS-00/â”‚Â Â  â”‚Â Â  â”œâ”€â”€ 08_the_antidote.md,,,
96,,â”‚Â Â  â”‚Â Â  â”œâ”€â”€ 09_avalanche,ipynb,https://s3.omniversalmedia.app/src/data/HAWK-ARS-00/â”‚Â Â  â”‚Â Â  â”œâ”€â”€ 09_avalanche.ipynb,,,
97,,â”‚Â Â  â”‚Â Â  â”œâ”€â”€ 09_avalanche,md,https://s3.omniversalmedia.app/src/data/HAWK-ARS-00/â”‚Â Â  â”‚Â Â  â”œâ”€â”€ 09_avalanche.md,,,
98,,â”‚Â Â  â”‚Â Â  â”œâ”€â”€ 10_artificial_intelligence,ipynb,https://s3.omniversalmedia.app/src/data/HAWK-ARS-00/â”‚Â Â  â”‚Â Â  â”œâ”€â”€ 10_artificial_intelligence.ipynb,,,
99,,â”‚Â Â  â”‚Â Â  â”œâ”€â”€ 10_artificial_intelligence,md,https://s3.omniversalmedia.app/src/data/HAWK-ARS-00/â”‚Â Â  â”‚Â Â  â”œâ”€â”€ 10_artificial_intelligence.md,,,
100,,â”‚Â Â  â”‚Â Â  â”œâ”€â”€ 11_legion,ipynb,https://s3.omniversalmedia.app/src/data/HAWK-ARS-00/â”‚Â Â  â”‚Â Â  â”œâ”€â”€ 11_legion.ipynb,,,
101,,â”‚Â Â  â”‚Â Â  â”œâ”€â”€ 11_legion,md,https://s3.omniversalmedia.app/src/data/HAWK-ARS-00/â”‚Â Â  â”‚Â Â  â”œâ”€â”€ 11_legion.md,,,
102,,â”‚Â Â  â”‚Â Â  â”œâ”€â”€ 12_when_my_elites_surround,ipynb,https://s3.omniversalmedia.app/src/data/HAWK-ARS-00/â”‚Â Â  â”‚Â Â  â”œâ”€â”€ 12_when_my_elites_surround.ipynb,,,
103,,â”‚Â Â  â”‚Â Â  â”œâ”€â”€ 12_when_my_elites_surround,md,https://s3.omniversalmedia.app/src/data/HAWK-ARS-00/â”‚Â Â  â”‚Â Â  â”œâ”€â”€ 12_when_my_elites_surround.md,,,
104,,â”‚Â Â  â”‚Â Â  â”œâ”€â”€ 13_reincarnated_2_resist,ipynb,https://s3.omniversalmedia.app/src/data/HAWK-ARS-00/â”‚Â Â  â”‚Â Â  â”œâ”€â”€ 13_reincarnated_2_resist.ipynb,,,
105,,â”‚Â Â  â”‚Â Â  â”œâ”€â”€ 13_reincarnated_2_resist,md,https://s3.omniversalmedia.app/src/data/HAWK-ARS-00/â”‚Â Â  â”‚Â Â  â”œâ”€â”€ 13_reincarnated_2_resist.md,,,
106,,â”‚Â Â  â”‚Â Â  â”œâ”€â”€ EverLightsRite_TheMixtapeSessions,ipynb,https://s3.omniversalmedia.app/src/data/HAWK-ARS-00/â”‚Â Â  â”‚Â Â  â”œâ”€â”€ EverLightsRite_TheMixtapeSessions.ipynb,,,
107,,â”‚Â Â  â”‚Â Â  â”œâ”€â”€ EverLightsRite_TheMixtapeSessions,md,https://s3.omniversalmedia.app/src/data/HAWK-ARS-00/â”‚Â Â  â”‚Â Â  â”œâ”€â”€ EverLightsRite_TheMixtapeSessions.md,,,
108,,â”‚Â Â  â”‚Â Â  â”œâ”€â”€ Milabs_Arsenal,md,https://s3.omniversalmedia.app/src/data/HAWK-ARS-00/â”‚Â Â  â”‚Â Â  â”œâ”€â”€ Milabs_Arsenal.md,,,
109,,â”‚Â Â  â”‚Â Â  â””â”€â”€ Milabs_Lyric_Compilation,html,https://s3.omniversalmedia.app/src/data/HAWK-ARS-00/â”‚Â Â  â”‚Â Â  â””â”€â”€ Milabs_Lyric_Compilation.html,,,
110,,â”‚Â Â  â”œâ”€â”€ EverLightsRite_TheMixtapeSessions,ipynb,https://s3.omniversalmedia.app/src/data/HAWK-ARS-00/â”‚Â Â  â”œâ”€â”€ EverLightsRite_TheMixtapeSessions.ipynb,,,
111,,â”‚Â Â  â”œâ”€â”€ FullDisclosure_Critical,md,https://s3.omniversalmedia.app/src/data/HAWK-ARS-00/â”‚Â Â  â”œâ”€â”€ FullDisclosure_Critical.md,,,
112,,â”‚Â Â  â”œâ”€â”€ Hawk Eye The Rapper â€“ Behold a Pale Horse_ Inspire,md,https://s3.omniversalmedia.app/src/data/HAWK-ARS-00/â”‚Â Â  â”œâ”€â”€ Hawk Eye The Rapper â€“ Behold a Pale Horse_ Inspire.md,,,
113,,â”‚Â Â  â”œâ”€â”€ Hawk Eye The Rapper â€“ Full Disclosure_ A Tribute t,md,https://s3.omniversalmedia.app/src/data/HAWK-ARS-00/â”‚Â Â  â”œâ”€â”€ Hawk Eye The Rapper â€“ Full Disclosure_ A Tribute t.md,,,
114,,â”‚Â Â  â”œâ”€â”€ Hawk Eye The Rapper â€“ Milabs_ Honoring Dr. Karla T,md,https://s3.omniversalmedia.app/src/data/HAWK-ARS-00/â”‚Â Â  â”œâ”€â”€ Hawk Eye The Rapper â€“ Milabs_ Honoring Dr. Karla T.md,,,
115,,â”‚Â Â  â”œâ”€â”€ Mixtape_Sessions_Archive_Full_Vault,html,https://s3.omniversalmedia.app/src/data/HAWK-ARS-00/â”‚Â Â  â”œâ”€â”€ Mixtape_Sessions_Archive_Full_Vault.html,,,
116,,â”‚Â Â  â”œâ”€â”€ Mixtape_Sessions_Archive,html,https://s3.omniversalmedia.app/src/data/HAWK-ARS-00/â”‚Â Â  â”œâ”€â”€ Mixtape_Sessions_Archive.html,,,
117,,â”‚Â Â  â”œâ”€â”€ Mixtape_Sessions_Archive,md,https://s3.omniversalmedia.app/src/data/HAWK-ARS-00/â”‚Â Â  â”œâ”€â”€ Mixtape_Sessions_Archive.md,,,
118,,â”‚Â Â  â””â”€â”€ MixtapeSessions_Arsenal,md,https://s3.omniversalmedia.app/src/data/HAWK-ARS-00/â”‚Â Â  â””â”€â”€ MixtapeSessions_Arsenal.md,,,
119,,â”‚Â Â  â”‚Â Â  â”œâ”€â”€ 01_malicious,ipynb,https://s3.omniversalmedia.app/src/data/HAWK-ARS-00/â”‚Â Â  â”‚Â Â  â”œâ”€â”€ 01_malicious.ipynb,,,
120,,â”‚Â Â  â”‚Â Â  â”œâ”€â”€ 01-malicious,md,https://s3.omniversalmedia.app/src/data/HAWK-ARS-00/â”‚Â Â  â”‚Â Â  â”œâ”€â”€ 01-malicious.md,,,
121,,â”‚Â Â  â”‚Â Â  â”œâ”€â”€ 02_gang_shit,ipynb,https://s3.omniversalmedia.app/src/data/HAWK-ARS-00/â”‚Â Â  â”‚Â Â  â”œâ”€â”€ 02_gang_shit.ipynb,,,
122,,â”‚Â Â  â”‚Â Â  â”œâ”€â”€ 02-gang_shit,md,https://s3.omniversalmedia.app/src/data/HAWK-ARS-00/â”‚Â Â  â”‚Â Â  â”œâ”€â”€ 02-gang_shit.md,,,
123,,â”‚Â Â  â”‚Â Â  â”œâ”€â”€ 03_the_motherfucking_problem,ipynb,https://s3.omniversalmedia.app/src/data/HAWK-ARS-00/â”‚Â Â  â”‚Â Â  â”œâ”€â”€ 03_the_motherfucking_problem.ipynb,,,
124,,â”‚Â Â  â”‚Â Â  â”œâ”€â”€ 03-the_motherfucking_problem,md,https://s3.omniversalmedia.app/src/data/HAWK-ARS-00/â”‚Â Â  â”‚Â Â  â”œâ”€â”€ 03-the_motherfucking_problem.md,,,
125,,â”‚Â Â  â”‚Â Â  â”œâ”€â”€ 04_im_him,ipynb,https://s3.omniversalmedia.app/src/data/HAWK-ARS-00/â”‚Â Â  â”‚Â Â  â”œâ”€â”€ 04_im_him.ipynb,,,
126,,â”‚Â Â  â”‚Â Â  â”œâ”€â”€ 04-im_him,md,https://s3.omniversalmedia.app/src/data/HAWK-ARS-00/â”‚Â Â  â”‚Â Â  â”œâ”€â”€ 04-im_him.md,,,
127,,â”‚Â Â  â”‚Â Â  â”œâ”€â”€ Malicious_Arsenal,md,https://s3.omniversalmedia.app/src/data/HAWK-ARS-00/â”‚Â Â  â”‚Â Â  â”œâ”€â”€ Malicious_Arsenal.md,,,
128,,â”‚Â Â  â”‚Â Â  â””â”€â”€ Malicious_Lyric_Compilation,html,https://s3.omniversalmedia.app/src/data/HAWK-ARS-00/â”‚Â Â  â”‚Â Â  â””â”€â”€ Malicious_Lyric_Compilation.html,,,
129,,â”‚Â Â  â”‚Â Â  â”œâ”€â”€ 001psychwar,md,https://s3.omniversalmedia.app/src/data/HAWK-ARS-00/â”‚Â Â  â”‚Â Â  â”œâ”€â”€ 001psychwar.md,,,
130,,â”‚Â Â  â”‚Â Â  â”œâ”€â”€ 01_psychological_warfare,ipynb,https://s3.omniversalmedia.app/src/data/HAWK-ARS-00/â”‚Â Â  â”‚Â Â  â”œâ”€â”€ 01_psychological_warfare.ipynb,,,
131,,â”‚Â Â  â”‚Â Â  â”œâ”€â”€ 01_psychological_warfare,md,https://s3.omniversalmedia.app/src/data/HAWK-ARS-00/â”‚Â Â  â”‚Â Â  â”œâ”€â”€ 01_psychological_warfare.md,,,
132,,â”‚Â Â  â”‚Â Â  â”œâ”€â”€ 02_down_the_rabbit_hole,ipynb,https://s3.omniversalmedia.app/src/data/HAWK-ARS-00/â”‚Â Â  â”‚Â Â  â”œâ”€â”€ 02_down_the_rabbit_hole.ipynb,,,
133,,â”‚Â Â  â”‚Â Â  â”œâ”€â”€ 02_down_the_rabbit_hole,md,https://s3.omniversalmedia.app/src/data/HAWK-ARS-00/â”‚Â Â  â”‚Â Â  â”œâ”€â”€ 02_down_the_rabbit_hole.md,,,
134,,â”‚Â Â  â”‚Â Â  â”œâ”€â”€ 03_domestic_terrorist,ipynb,https://s3.omniversalmedia.app/src/data/HAWK-ARS-00/â”‚Â Â  â”‚Â Â  â”œâ”€â”€ 03_domestic_terrorist.ipynb,,,
135,,â”‚Â Â  â”‚Â Â  â”œâ”€â”€ 03_domestic_terrorist,md,https://s3.omniversalmedia.app/src/data/HAWK-ARS-00/â”‚Â Â  â”‚Â Â  â”œâ”€â”€ 03_domestic_terrorist.md,,,
136,,â”‚Â Â  â”‚Â Â  â”œâ”€â”€ 04_relentless,ipynb,https://s3.omniversalmedia.app/src/data/HAWK-ARS-00/â”‚Â Â  â”‚Â Â  â”œâ”€â”€ 04_relentless.ipynb,,,
137,,â”‚Â Â  â”‚Â Â  â”œâ”€â”€ 04_relentless,md,https://s3.omniversalmedia.app/src/data/HAWK-ARS-00/â”‚Â Â  â”‚Â Â  â”œâ”€â”€ 04_relentless.md,,,
138,,â”‚Â Â  â”‚Â Â  â”œâ”€â”€ 05_never_heard_of_me,ipynb,https://s3.omniversalmedia.app/src/data/HAWK-ARS-00/â”‚Â Â  â”‚Â Â  â”œâ”€â”€ 05_never_heard_of_me.ipynb,,,
139,,â”‚Â Â  â”‚Â Â  â”œâ”€â”€ 05_never_heard_of_me,md,https://s3.omniversalmedia.app/src/data/HAWK-ARS-00/â”‚Â Â  â”‚Â Â  â”œâ”€â”€ 05_never_heard_of_me.md,,,
140,,â”‚Â Â  â”‚Â Â  â”œâ”€â”€ 06_spiteful_poetry,ipynb,https://s3.omniversalmedia.app/src/data/HAWK-ARS-00/â”‚Â Â  â”‚Â Â  â”œâ”€â”€ 06_spiteful_poetry.ipynb,,,
141,,â”‚Â Â  â”‚Â Â  â”œâ”€â”€ 06_spiteful_poetry,md,https://s3.omniversalmedia.app/src/data/HAWK-ARS-00/â”‚Â Â  â”‚Â Â  â”œâ”€â”€ 06_spiteful_poetry.md,,,
142,,â”‚Â Â  â”‚Â Â  â”œâ”€â”€ 07_devils_in_the_details,md,https://s3.omniversalmedia.app/src/data/HAWK-ARS-00/â”‚Â Â  â”‚Â Â  â”œâ”€â”€ 07_devils_in_the_details.md,,,
143,,â”‚Â Â  â”‚Â Â  â”œâ”€â”€ 07_the_devils_in_the_details,ipynb,https://s3.omniversalmedia.app/src/data/HAWK-ARS-00/â”‚Â Â  â”‚Â Â  â”œâ”€â”€ 07_the_devils_in_the_details.ipynb,,,
144,,â”‚Â Â  â”‚Â Â  â”œâ”€â”€ 08_the_game,ipynb,https://s3.omniversalmedia.app/src/data/HAWK-ARS-00/â”‚Â Â  â”‚Â Â  â”œâ”€â”€ 08_the_game.ipynb,,,
145,,â”‚Â Â  â”‚Â Â  â”œâ”€â”€ 08_the_game,md,https://s3.omniversalmedia.app/src/data/HAWK-ARS-00/â”‚Â Â  â”‚Â Â  â”œâ”€â”€ 08_the_game.md,,,
146,,â”‚Â Â  â”‚Â Â  â”œâ”€â”€ 09_the_shadow_is_rising,ipynb,https://s3.omniversalmedia.app/src/data/HAWK-ARS-00/â”‚Â Â  â”‚Â Â  â”œâ”€â”€ 09_the_shadow_is_rising.ipynb,,,
147,,â”‚Â Â  â”‚Â Â  â”œâ”€â”€ 09_the_shadow_is_rising,md,https://s3.omniversalmedia.app/src/data/HAWK-ARS-00/â”‚Â Â  â”‚Â Â  â”œâ”€â”€ 09_the_shadow_is_rising.md,,,
148,,â”‚Â Â  â”‚Â Â  â”œâ”€â”€ 10_when_shit_gets_real,ipynb,https://s3.omniversalmedia.app/src/data/HAWK-ARS-00/â”‚Â Â  â”‚Â Â  â”œâ”€â”€ 10_when_shit_gets_real.ipynb,,,
149,,â”‚Â Â  â”‚Â Â  â”œâ”€â”€ 10_when_shit_gets_real,md,https://s3.omniversalmedia.app/src/data/HAWK-ARS-00/â”‚Â Â  â”‚Â Â  â”œâ”€â”€ 10_when_shit_gets_real.md,,,
150,,â”‚Â Â  â”‚Â Â  â”œâ”€â”€ 11_synthesis,ipynb,https://s3.omniversalmedia.app/src/data/HAWK-ARS-00/â”‚Â Â  â”‚Â Â  â”œâ”€â”€ 11_synthesis.ipynb,,,
151,,â”‚Â Â  â”‚Â Â  â”œâ”€â”€ 11_synthesis,md,https://s3.omniversalmedia.app/src/data/HAWK-ARS-00/â”‚Â Â  â”‚Â Â  â”œâ”€â”€ 11_synthesis.md,,,
152,,â”‚Â Â  â”‚Â Â  â”œâ”€â”€ 12_invokation,ipynb,https://s3.omniversalmedia.app/src/data/HAWK-ARS-00/â”‚Â Â  â”‚Â Â  â”œâ”€â”€ 12_invokation.ipynb,,,
153,,â”‚Â Â  â”‚Â Â  â”œâ”€â”€ 12_invokation,md,https://s3.omniversalmedia.app/src/data/HAWK-ARS-00/â”‚Â Â  â”‚Â Â  â”œâ”€â”€ 12_invokation.md,,,
154,,â”‚Â Â  â”‚Â Â  â”œâ”€â”€ 13_krystal_klear,ipynb,https://s3.omniversalmedia.app/src/data/HAWK-ARS-00/â”‚Â Â  â”‚Â Â  â”œâ”€â”€ 13_krystal_klear.ipynb,,,
155,,â”‚Â Â  â”‚Â Â  â”œâ”€â”€ 13_krystal_klear,md,https://s3.omniversalmedia.app/src/data/HAWK-ARS-00/â”‚Â Â  â”‚Â Â  â”œâ”€â”€ 13_krystal_klear.md,,,
156,,â”‚Â Â  â”‚Â Â  â”œâ”€â”€ Shadow_Banned_Arsenal,md,https://s3.omniversalmedia.app/src/data/HAWK-ARS-00/â”‚Â Â  â”‚Â Â  â”œâ”€â”€ Shadow_Banned_Arsenal.md,,,
157,,â”‚Â Â  â”‚Â Â  â””â”€â”€ Shadow_Banned_Lyric_Compilation,html,https://s3.omniversalmedia.app/src/data/HAWK-ARS-00/â”‚Â Â  â”‚Â Â  â””â”€â”€ Shadow_Banned_Lyric_Compilation.html,,,
158,,â”‚Â Â  â””â”€â”€ Phase2_Arsenal,md,https://s3.omniversalmedia.app/src/data/HAWK-ARS-00/â”‚Â Â  â””â”€â”€ Phase2_Arsenal.md,,,
159,,â”‚Â Â  â”œâ”€â”€ Sun_Tzu,ipynb,https://s3.omniversalmedia.app/src/data/HAWK-ARS-00/â”‚Â Â  â”œâ”€â”€ Sun_Tzu.ipynb,,,
160,,â”‚Â Â  â”œâ”€â”€ SunBook,ipynb,https://s3.omniversalmedia.app/src/data/HAWK-ARS-00/â”‚Â Â  â”œâ”€â”€ SunBook.ipynb,,,
161,,â”‚Â Â  â””â”€â”€ SunTzu_Reckoning_Arsenal,md,https://s3.omniversalmedia.app/src/data/HAWK-ARS-00/â”‚Â Â  â””â”€â”€ SunTzu_Reckoning_Arsenal.md,,,
162,,ARS-00,csv,https://s3.omniversalmedia.app/src/data/HAWK-ARS-00/ARS-00.csv,,,
163,,arsenal_catalog,csv,https://s3.omniversalmedia.app/src/data/HAWK-ARS-00/arsenal_catalog.csv,,,
164,,â”‚Â Â  â”œâ”€â”€ Behold_A_Pale_Horse,md,https://s3.omniversalmedia.app/src/data/HAWK-ARS-00/â”‚Â Â  â”œâ”€â”€ Behold_A_Pale_Horse.md,,,
165,,â”‚Â Â  â”œâ”€â”€ Full_Disclosure,md,https://s3.omniversalmedia.app/src/data/HAWK-ARS-00/â”‚Â Â  â”œâ”€â”€ Full_Disclosure.md,,,
166,,â”‚Â Â  â”œâ”€â”€ Malicious_EP,md,https://s3.omniversalmedia.app/src/data/HAWK-ARS-00/â”‚Â Â  â”œâ”€â”€ Malicious_EP.md,,,
167,,â”‚Â Â  â”œâ”€â”€ MILABS,md,https://s3.omniversalmedia.app/src/data/HAWK-ARS-00/â”‚Â Â  â”œâ”€â”€ MILABS.md,,,
168,,â”‚Â Â  â”œâ”€â”€ Shadow_Banned,md,https://s3.omniversalmedia.app/src/data/HAWK-ARS-00/â”‚Â Â  â”œâ”€â”€ Shadow_Banned.md,,,
169,,â”‚Â Â  â””â”€â”€ Singles_Arc,md,https://s3.omniversalmedia.app/src/data/HAWK-ARS-00/â”‚Â Â  â””â”€â”€ Singles_Arc.md,,,
170,,â”‚Â Â  â”œâ”€â”€ Behold_A_Pale_Horse,md,https://s3.omniversalmedia.app/src/data/HAWK-ARS-00/â”‚Â Â  â”œâ”€â”€ Behold_A_Pale_Horse.md,,,
171,,â”‚Â Â  â”œâ”€â”€ Full_Disclosure,md,https://s3.omniversalmedia.app/src/data/HAWK-ARS-00/â”‚Â Â  â”œâ”€â”€ Full_Disclosure.md,,,
172,,â”‚Â Â  â”œâ”€â”€ Malicious_EP,md,https://s3.omniversalmedia.app/src/data/HAWK-ARS-00/â”‚Â Â  â”œâ”€â”€ Malicious_EP.md,,,
173,,â”‚Â Â  â”œâ”€â”€ MILABS,md,https://s3.omniversalmedia.app/src/data/HAWK-ARS-00/â”‚Â Â  â”œâ”€â”€ MILABS.md,,,
174,,â”‚Â Â  â”œâ”€â”€ Phase_II_Hypothesis,md,https://s3.omniversalmedia.app/src/data/HAWK-ARS-00/â”‚Â Â  â”œâ”€â”€ Phase_II_Hypothesis.md,,,
175,,â”‚Â Â  â”œâ”€â”€ Singles,md,https://s3.omniversalmedia.app/src/data/HAWK-ARS-00/â”‚Â Â  â”œâ”€â”€ Singles.md,,,
176,,â”‚Â Â  â””â”€â”€ The_Mixtape_Sessions,md,https://s3.omniversalmedia.app/src/data/HAWK-ARS-00/â”‚Â Â  â””â”€â”€ The_Mixtape_Sessions.md,,,
177,,â”‚Â Â  â”œâ”€â”€ BAPH,md,https://s3.omniversalmedia.app/src/data/HAWK-ARS-00/â”‚Â Â  â”œâ”€â”€ BAPH.md,,,
178,,â”‚Â Â  â”œâ”€â”€ Full_Disclosure,md,https://s3.omniversalmedia.app/src/data/HAWK-ARS-00/â”‚Â Â  â”œâ”€â”€ Full_Disclosure.md,,,
179,,â”‚Â Â  â”œâ”€â”€ Malicious,md,https://s3.omniversalmedia.app/src/data/HAWK-ARS-00/â”‚Â Â  â”œâ”€â”€ Malicious.md,,,
180,,â”‚Â Â  â”œâ”€â”€ MILABS,md,https://s3.omniversalmedia.app/src/data/HAWK-ARS-00/â”‚Â Â  â”œâ”€â”€ MILABS.md,,,
181,,â”‚Â Â  â”œâ”€â”€ Phase_II,md,https://s3.omniversalmedia.app/src/data/HAWK-ARS-00/â”‚Â Â  â”œâ”€â”€ Phase_II.md,,,
182,,â”‚Â Â  â”œâ”€â”€ README,md,https://s3.omniversalmedia.app/src/data/HAWK-ARS-00/â”‚Â Â  â”œâ”€â”€ README.md,,,
183,,â”‚Â Â  â””â”€â”€ Singles,md,https://s3.omniversalmedia.app/src/data/HAWK-ARS-00/â”‚Â Â  â””â”€â”€ Singles.md,,,
184,,EverLightsRite_TheMixtapeSessions,md,https://s3.omniversalmedia.app/src/data/HAWK-ARS-00/EverLightsRite_TheMixtapeSessions.md,,,
185,,â”‚Â Â  â”‚Â Â  â””â”€â”€ README,md,https://s3.omniversalmedia.app/src/data/HAWK-ARS-00/â”‚Â Â  â”‚Â Â  â””â”€â”€ README.md,,,
186,,â”‚Â Â  â”‚Â Â  â””â”€â”€ EverLights_Rite,md,https://s3.omniversalmedia.app/src/data/HAWK-ARS-00/â”‚Â Â  â”‚Â Â  â””â”€â”€ EverLights_Rite.md,,,
187,,â”‚Â Â  â”‚Â Â  â””â”€â”€ EverLights_Rite,md,https://s3.omniversalmedia.app/src/data/HAWK-ARS-00/â”‚Â Â  â”‚Â Â  â””â”€â”€ EverLights_Rite.md,,,
188,,â”‚Â Â  â”‚Â Â  â””â”€â”€ EverLights_Rite,md,https://s3.omniversalmedia.app/src/data/HAWK-ARS-00/â”‚Â Â  â”‚Â Â  â””â”€â”€ EverLights_Rite.md,,,
189,,â”‚Â Â  â”‚Â Â  â””â”€â”€ EverLights_Rite,md,https://s3.omniversalmedia.app/src/data/HAWK-ARS-00/â”‚Â Â  â”‚Â Â  â””â”€â”€ EverLights_Rite.md,,,
190,,â”‚Â Â  â”‚Â Â  â””â”€â”€ EverLights_Rite,md,https://s3.omniversalmedia.app/src/data/HAWK-ARS-00/â”‚Â Â  â”‚Â Â  â””â”€â”€ EverLights_Rite.md,,,
191,,â”‚Â Â      â””â”€â”€ PHASE_2_Foreshadowing,md,https://s3.omniversalmedia.app/src/data/HAWK-ARS-00/â”‚Â Â      â””â”€â”€ PHASE_2_Foreshadowing.md,,,
192,,Main_Arsenal_Index,md,https://s3.omniversalmedia.app/src/data/HAWK-ARS-00/Main_Arsenal_Index.md,,,
193,,Master_Index,ipynb,https://s3.omniversalmedia.app/src/data/HAWK-ARS-00/Master_Index.ipynb,,,
194,,MEDIA,csv,https://s3.omniversalmedia.app/src/data/HAWK-ARS-00/MEDIA.csv,,,
195,,README,md,https://s3.omniversalmedia.app/src/data/HAWK-ARS-00/README.md,,,
196,,The_Archive,ipynb,https://s3.omniversalmedia.app/src/data/HAWK-ARS-00/The_Archive.ipynb,,,
197,,Unmasking Reality_ Hawk Eye The Rapper_s _Mixtape ,md,https://s3.omniversalmedia.app/src/data/HAWK-ARS-00/Unmasking Reality_ Hawk Eye The Rapper_s _Mixtape .md,,,
198,,Updated_Unified_Reincarnated_Store_Catalog,csv,https://s3.omniversalmedia.app/src/data/HAWK-ARS-00/Updated_Unified_Reincarnated_Store_Catalog.csv,,,
