id,title,description,price,image_link,availability,condition,link
HAWK-FD-01,Incantations,"Digital download of ""Incantations"" by Hawk Eye The Rapper.",0.69,https://assets.omniversalmedia.org/images/incantations.jpg,in stock,new,https://reincarnated.store/products/HAWK-FD-01
HAWK-FD-02,Mind Kontrol,"Digital download of ""Mind Kontrol"" by Hawk Eye The Rapper.",0.69,https://assets.omniversalmedia.org/images/mind-kontrol.jpg,in stock,new,https://reincarnated.store/products/HAWK-FD-02
HAWK-FD-03,Will You Listen,"Digital download of ""Will You Listen"" by Hawk Eye The Rapper.",0.69,https://assets.omniversalmedia.org/images/will-you-listen.jpg,in stock,new,https://reincarnated.store/products/HAWK-FD-03
HAWK-FD-04,Game,"Digital download of ""Game"" by Hawk Eye The Rapper.",0.69,https://assets.omniversalmedia.org/images/game.jpg,in stock,new,https://reincarnated.store/products/HAWK-FD-04
HAWK-FD-05,Devil S In The Details,"Digital download of ""Devil S In The Details"" by Hawk Eye The Rapper.",0.69,https://assets.omniversalmedia.org/images/devil-s-in-the-details.jpg,in stock,new,https://reincarnated.store/products/HAWK-FD-05
HAWK-FD-06,Never Heard Of Me,"Digital download of ""Never Heard Of Me"" by Hawk Eye The Rapper.",0.69,https://assets.omniversalmedia.org/images/never-heard-of-me.jpg,in stock,new,https://reincarnated.store/products/HAWK-FD-06
HAWK-FD-07,Relentless,"Digital download of ""Relentless"" by Hawk Eye The Rapper.",0.69,https://assets.omniversalmedia.org/images/relentless.jpg,in stock,new,https://reincarnated.store/products/HAWK-FD-07
HAWK-FD-08,Synthesis,"Digital download of ""Synthesis"" by Hawk Eye The Rapper.",0.69,https://assets.omniversalmedia.org/images/synthesis.jpg,in stock,new,https://reincarnated.store/products/HAWK-FD-08
HAWK-FD-09,Spiteful Poetry,"Digital download of ""Spiteful Poetry"" by Hawk Eye The Rapper.",0.69,https://assets.omniversalmedia.org/images/spiteful-poetry.jpg,in stock,new,https://reincarnated.store/products/HAWK-FD-09
HAWK-FD-10,Krystal Klear,"Digital download of ""Krystal Klear"" by Hawk Eye The Rapper.",0.69,https://assets.omniversalmedia.org/images/krystal-klear.jpg,in stock,new,https://reincarnated.store/products/HAWK-FD-10
HAWK-FD-11,Invokation,"Digital download of ""Invokation"" by Hawk Eye The Rapper.",0.69,https://assets.omniversalmedia.org/images/invokation.jpg,in stock,new,https://reincarnated.store/products/HAWK-FD-11
HAWK-FD-12,Shadow Is Rising,"Digital download of ""Shadow Is Rising"" by Hawk Eye The Rapper.",0.69,https://assets.omniversalmedia.org/images/shadow-is-rising.jpg,in stock,new,https://reincarnated.store/products/HAWK-FD-12
HAWK-FD-13,Psychological Warfare,"Digital download of ""Psychological Warfare"" by Hawk Eye The Rapper.",0.69,https://assets.omniversalmedia.org/images/psychological-warfare.jpg,in stock,new,https://reincarnated.store/products/HAWK-FD-13
HAWK-FD-14,Down The Rabbit Hole,"Digital download of ""Down The Rabbit Hole"" by Hawk Eye The Rapper.",0.69,https://assets.omniversalmedia.org/images/down-the-rabbit-hole.jpg,in stock,new,https://reincarnated.store/products/HAWK-FD-14
HAWK-BAP-01,Domestic Terrorist,"Digital download of ""Domestic Terrorist"" by Hawk Eye The Rapper.",0.69,https://assets.omniversalmedia.org/images/domestic-terrorist.jpg,in stock,new,https://reincarnated.store/products/HAWK-BAP-01
HAWK-BAP-02,When Shit Gets Real,"Digital download of ""When Shit Gets Real"" by Hawk Eye The Rapper.",0.69,https://assets.omniversalmedia.org/images/when-shit-gets-real.jpg,in stock,new,https://reincarnated.store/products/HAWK-BAP-02
HAWK-BAP-03,Legion,"Digital download of ""Legion"" by Hawk Eye The Rapper.",0.69,https://assets.omniversalmedia.org/images/legion.jpg,in stock,new,https://reincarnated.store/products/HAWK-BAP-03
HAWK-BAP-04,Swordfish,"Digital download of ""Swordfish"" by Hawk Eye The Rapper.",0.69,https://assets.omniversalmedia.org/images/swordfish.jpg,in stock,new,https://reincarnated.store/products/HAWK-BAP-04
HAWK-BAP-05,Mic Check,"Digital download of ""Mic Check"" by Hawk Eye The Rapper.",0.69,https://assets.omniversalmedia.org/images/mic-check.jpg,in stock,new,https://reincarnated.store/products/HAWK-BAP-05
HAWK-BAP-06,Shakur,"Digital download of ""Shakur"" by Hawk Eye The Rapper.",0.69,https://assets.omniversalmedia.org/images/shakur.jpg,in stock,new,https://reincarnated.store/products/HAWK-BAP-06
HAWK-BAP-07,Last One Left,"Digital download of ""Last One Left"" by Hawk Eye The Rapper.",0.69,https://assets.omniversalmedia.org/images/last-one-left.jpg,in stock,new,https://reincarnated.store/products/HAWK-BAP-07
HAWK-BAP-08,Full Disclosure,"Digital download of ""Full Disclosure"" by Hawk Eye The Rapper.",0.69,https://assets.omniversalmedia.org/images/full-disclosure.jpg,in stock,new,https://reincarnated.store/products/HAWK-BAP-08
HAWK-BAP-09,Abreactions,"Digital download of ""Abreactions"" by Hawk Eye The Rapper.",0.69,https://assets.omniversalmedia.org/images/abreactions.jpg,in stock,new,https://reincarnated.store/products/HAWK-BAP-09
HAWK-BAP-10,Soft Disclosure,"Digital download of ""Soft Disclosure"" by Hawk Eye The Rapper.",0.69,https://assets.omniversalmedia.org/images/soft-disclosure.jpg,in stock,new,https://reincarnated.store/products/HAWK-BAP-10
HAWK-BAP-11,Eyes Wide Open,"Digital download of ""Eyes Wide Open"" by Hawk Eye The Rapper.",0.69,https://assets.omniversalmedia.org/images/eyes-wide-open.jpg,in stock,new,https://reincarnated.store/products/HAWK-BAP-11
HAWK-M-01,Artificial Intelligence,"Digital download of ""Artificial Intelligence"" by Hawk Eye The Rapper.",0.69,https://assets.omniversalmedia.org/images/artificial-intelligence.jpg,in stock,new,https://reincarnated.store/products/HAWK-M-01
HAWK-M-02,When My Elites Surround,"Digital download of ""When My Elites Surround"" by Hawk Eye The Rapper.",0.69,https://assets.omniversalmedia.org/images/when-my-elites-surround.jpg,in stock,new,https://reincarnated.store/products/HAWK-M-02
HAWK-M-03,Reincarnated 2 Resist,"Digital download of ""Reincarnated 2 Resist"" by Hawk Eye The Rapper.",0.69,https://assets.omniversalmedia.org/images/reincarnated-2-resist.jpg,in stock,new,https://reincarnated.store/products/HAWK-M-03
HAWK-M-04,Fema,"Digital download of ""Fema"" by Hawk Eye The Rapper.",0.69,https://assets.omniversalmedia.org/images/fema.jpg,in stock,new,https://reincarnated.store/products/HAWK-M-04
HAWK-M-05,Antidote,"Digital download of ""Antidote"" by Hawk Eye The Rapper.",0.69,https://assets.omniversalmedia.org/images/antidote.jpg,in stock,new,https://reincarnated.store/products/HAWK-M-05
HAWK-M-06,Avalanche,"Digital download of ""Avalanche"" by Hawk Eye The Rapper.",0.69,https://assets.omniversalmedia.org/images/avalanche.jpg,in stock,new,https://reincarnated.store/products/HAWK-M-06
HAWK-M-07,Stay Real,"Digital download of ""Stay Real"" by Hawk Eye The Rapper.",0.69,https://assets.omniversalmedia.org/images/stay-real.jpg,in stock,new,https://reincarnated.store/products/HAWK-M-07
HAWK-M-08,Illuminati,"Digital download of ""Illuminati"" by Hawk Eye The Rapper.",0.69,https://assets.omniversalmedia.org/images/illuminati.jpg,in stock,new,https://reincarnated.store/products/HAWK-M-08
HAWK-M-09,Syntax,"Digital download of ""Syntax"" by Hawk Eye The Rapper.",0.69,https://assets.omniversalmedia.org/images/syntax.jpg,in stock,new,https://reincarnated.store/products/HAWK-M-09
HAWK-M-10,Story Celebrated Throughout Time,"Digital download of ""Story Celebrated Throughout Time"" by Hawk Eye The Rapper.",0.69,https://assets.omniversalmedia.org/images/story-celebrated-throughout-time.jpg,in stock,new,https://reincarnated.store/products/HAWK-M-10
HAWK-M-11,Ashes,"Digital download of ""Ashes"" by Hawk Eye The Rapper.",0.69,https://assets.omniversalmedia.org/images/ashes.jpg,in stock,new,https://reincarnated.store/products/HAWK-M-11
HAWK-M-12,Superstitions,"Digital download of ""Superstitions"" by Hawk Eye The Rapper.",0.69,https://assets.omniversalmedia.org/images/superstitions.jpg,in stock,new,https://reincarnated.store/products/HAWK-M-12
HAWK-M-13,Behold A Pale Horse,"Digital download of ""Behold A Pale Horse"" by Hawk Eye The Rapper.",0.69,https://assets.omniversalmedia.org/images/behold-a-pale-horse.jpg,in stock,new,https://reincarnated.store/products/HAWK-M-13
HAWK-ME-01,Kamikaze,"Digital download of ""Kamikaze"" by Hawk Eye The Rapper.",0.69,https://assets.omniversalmedia.org/images/kamikaze.jpg,in stock,new,https://reincarnated.store/products/HAWK-ME-01
HAWK-ME-02,Whistle Blower,"Digital download of ""Whistle Blower"" by Hawk Eye The Rapper.",0.69,https://assets.omniversalmedia.org/images/whistle-blower.jpg,in stock,new,https://reincarnated.store/products/HAWK-ME-02
HAWK-ME-03,Story Of Our Former Glory,"Digital download of ""Story Of Our Former Glory"" by Hawk Eye The Rapper.",0.69,https://assets.omniversalmedia.org/images/story-of-our-former-glory.jpg,in stock,new,https://reincarnated.store/products/HAWK-ME-03
HAWK-ME-04,Warning Shots,"Digital download of ""Warning Shots"" by Hawk Eye The Rapper.",0.69,https://assets.omniversalmedia.org/images/warning-shots.jpg,in stock,new,https://reincarnated.store/products/HAWK-ME-04
HAWK-SB-01,Fuck Society,"Digital download of ""Fuck Society"" by Hawk Eye The Rapper.",0.69,https://assets.omniversalmedia.org/images/fuck-society.jpg,in stock,new,https://reincarnated.store/products/HAWK-SB-01
HAWK-SB-02,Monumental,"Digital download of ""Monumental"" by Hawk Eye The Rapper.",0.69,https://assets.omniversalmedia.org/images/monumental.jpg,in stock,new,https://reincarnated.store/products/HAWK-SB-02
HAWK-SB-03,Trafficked,"Digital download of ""Trafficked"" by Hawk Eye The Rapper.",0.69,https://assets.omniversalmedia.org/images/trafficked.jpg,in stock,new,https://reincarnated.store/products/HAWK-SB-03
HAWK-SB-04,Hocus Pocus,"Digital download of ""Hocus Pocus"" by Hawk Eye The Rapper.",0.69,https://assets.omniversalmedia.org/images/hocus-pocus.jpg,in stock,new,https://reincarnated.store/products/HAWK-SB-04
HAWK-SB-05,K T,"Digital download of ""K T"" by Hawk Eye The Rapper.",0.69,https://assets.omniversalmedia.org/images/k-t.jpg,in stock,new,https://reincarnated.store/products/HAWK-SB-05
HAWK-SB-06,Delta Squad,"Digital download of ""Delta Squad"" by Hawk Eye The Rapper.",0.69,https://assets.omniversalmedia.org/images/delta-squad.jpg,in stock,new,https://reincarnated.store/products/HAWK-SB-06
HAWK-SB-07,Scripture,"Digital download of ""Scripture"" by Hawk Eye The Rapper.",0.69,https://assets.omniversalmedia.org/images/scripture.jpg,in stock,new,https://reincarnated.store/products/HAWK-SB-07
HAWK-SB-08,Menace To Society,"Digital download of ""Menace To Society"" by Hawk Eye The Rapper.",0.69,https://assets.omniversalmedia.org/images/menace-to-society.jpg,in stock,new,https://reincarnated.store/products/HAWK-SB-08
HAWK-SB-09,Semi Automatic,"Digital download of ""Semi Automatic"" by Hawk Eye The Rapper.",0.69,https://assets.omniversalmedia.org/images/semi-automatic.jpg,in stock,new,https://reincarnated.store/products/HAWK-SB-09
HAWK-SB-10,Reverse This Curse,"Digital download of ""Reverse This Curse"" by Hawk Eye The Rapper.",0.69,https://assets.omniversalmedia.org/images/reverse-this-curse.jpg,in stock,new,https://reincarnated.store/products/HAWK-SB-10
HAWK-SB-11,Lifted,"Digital download of ""Lifted"" by Hawk Eye The Rapper.",0.69,https://assets.omniversalmedia.org/images/lifted.jpg,in stock,new,https://reincarnated.store/products/HAWK-SB-11
HAWK-SB-12,Haunted,"Digital download of ""Haunted"" by Hawk Eye The Rapper.",0.69,https://assets.omniversalmedia.org/images/haunted.jpg,in stock,new,https://reincarnated.store/products/HAWK-SB-12
HAWK-SB-13,Implants,"Digital download of ""Implants"" by Hawk Eye The Rapper.",0.69,https://assets.omniversalmedia.org/images/implants.jpg,in stock,new,https://reincarnated.store/products/HAWK-SB-13
SKU,Name,Description,Regular price,Images,in stock,new,https://reincarnated.store/products/SKU
HE-001,Hawk Vision T-Shirt,T-shirt featuring a hawk's eye with musical notes in graffiti style. Color scheme: Black and Neon Green.,25.00,https://via.placeholder.com/600x600.png?text=Coming+Soon,in stock,new,https://reincarnated.store/products/HE-001
HE-002,Graffiti Eye Long Sleeve,Long sleeve shirt with Hawk Eye in bold graffiti across the chest. Color scheme: Gray and Red.,30.00,https://via.placeholder.com/600x600.png?text=Coming+Soon,in stock,new,https://reincarnated.store/products/HE-002
HE-003,Visionary Lyrics Hoodie,Hoodie displaying stylized lyrics forming a hawk silhouette. Color scheme: Black and Gold.,50.00,https://via.placeholder.com/600x600.png?text=Coming+Soon,in stock,new,https://reincarnated.store/products/HE-003
HE-004,Winged Mic Bomber Jacket,Bomber jacket with a winged microphone graphic on the back. Color scheme: Army Green and White.,60.00,https://via.placeholder.com/600x600.png?text=Coming+Soon,in stock,new,https://reincarnated.store/products/HE-004
HE-005,Hawk Emblem Jersey,Sports jersey featuring a hawk emblem and number print. Color scheme: Black and Orange.,45.00,https://via.placeholder.com/600x600.png?text=Coming+Soon,in stock,new,https://reincarnated.store/products/HE-005
HE-006,Urban Camo Snapback Cap,Camouflage-pattern snapback cap with hawk logo embroidery. Color scheme: Green Camo and Black.,30.00,https://via.placeholder.com/600x600.png?text=Coming+Soon,in stock,new,https://reincarnated.store/products/HE-006
HE-007,Eye of the Hawk Phone Case,Phone case featuring a close-up hawk eye graphic. Color scheme: Black and Yellow.,15.00,https://via.placeholder.com/600x600.png?text=Coming+Soon,in stock,new,https://reincarnated.store/products/HE-007
HE-008,Golden Hawk Keychain,Metal keychain with a golden hawk emblem charm. Color scheme: Gold and Black.,10.00,https://via.placeholder.com/600x600.png?text=Coming+Soon,in stock,new,https://reincarnated.store/products/HE-008
HE-009,Hawk Eye Enamel Pin,Enamel pin of the Hawk Eye logo for jackets or bags. Color scheme: Black and Silver.,8.00,https://via.placeholder.com/600x600.png?text=Coming+Soon,in stock,new,https://reincarnated.store/products/HE-009
HE-010,Eye on the Prize Wristband,Black silicone wristband debossed with Eye on the Prize motto. Color scheme: Black and White.,5.00,https://via.placeholder.com/600x600.png?text=Coming+Soon,in stock,new,https://reincarnated.store/products/HE-010
HE-011,Graffiti Tag Poster,Poster with Hawk Eye's name in vibrant graffiti lettering. Color scheme: Multicolor on Black.,15.00,https://via.placeholder.com/600x600.png?text=Coming+Soon,in stock,new,https://reincarnated.store/products/HE-011
HE-012,City Skyline Hawk Poster,Art poster of a hawk flying over an urban city skyline at dusk. Color scheme: Orange and Purple.,15.00,https://via.placeholder.com/600x600.png?text=Coming+Soon,in stock,new,https://reincarnated.store/products/HE-012
HE-013,Winged Mic Art Poster,Illustrated poster of a microphone with wings and music notes. Color scheme: Black and White.,20.00,https://via.placeholder.com/600x600.png?text=Coming+Soon,in stock,new,https://reincarnated.store/products/HE-013
HE-014,Hawk Eye Logo Sticker,Die-cut sticker of the Hawk Eye logo in full color. Color scheme: Brown and Yellow.,3.00,https://via.placeholder.com/600x600.png?text=Coming+Soon,in stock,new,https://reincarnated.store/products/HE-014
HE-015,Street Graffiti Sticker,Sticker mimicking a graffiti tag of Hawk Eye's name. Color scheme: Red and Black.,3.00,https://via.placeholder.com/600x600.png?text=Coming+Soon,in stock,new,https://reincarnated.store/products/HE-015
OM-001,Omniversal Logo T-Shirt,T-shirt with the Omniversal logo and a subtle galaxy background. Color scheme: Navy Blue and White.,20.00,https://via.placeholder.com/600x600.png?text=Coming+Soon,in stock,new,https://reincarnated.store/products/OM-001
OM-002,Galactic Dreams T-Shirt,Tee featuring a vibrant galaxy print with shooting stars. Color scheme: Black and Purple.,25.00,https://via.placeholder.com/600x600.png?text=Coming+Soon,in stock,new,https://reincarnated.store/products/OM-002
OM-003,Cosmic Unity Hoodie,Hoodie displaying interconnected planets symbolizing unity. Color scheme: Dark Gray and Blue.,45.00,https://via.placeholder.com/600x600.png?text=Coming+Soon,in stock,new,https://reincarnated.store/products/OM-003
OM-004,Infinite Cosmos Long Sleeve,Long sleeve shirt with an infinite universe illustration on the back. Color scheme: Black and Teal.,30.00,https://via.placeholder.com/600x600.png?text=Coming+Soon,in stock,new,https://reincarnated.store/products/OM-004
OM-005,Nebula Bomber Jacket,Bomber jacket featuring an all-over nebula cloud print. Color scheme: Purple and Pink.,60.00,https://via.placeholder.com/600x600.png?text=Coming+Soon,in stock,new,https://reincarnated.store/products/OM-005
OM-006,Galaxy Phone Case,Phone case with a colorful spiral galaxy design. Color scheme: Blue and Purple.,15.00,https://via.placeholder.com/600x600.png?text=Coming+Soon,in stock,new,https://reincarnated.store/products/OM-006
OM-007,Cosmic Coffee Mug,Ceramic mug printed with a starry night sky and Omniversal text. Color scheme: Black and Silver.,12.00,https://via.placeholder.com/600x600.png?text=Coming+Soon,in stock,new,https://reincarnated.store/products/OM-007
OM-008,Omniversal Logo Keychain,Acrylic keychain with the Omniversal emblem in full color. Color scheme: Blue and White.,8.00,https://via.placeholder.com/600x600.png?text=Coming+Soon,in stock,new,https://reincarnated.store/products/OM-008
OM-009,Celestial Canvas Tote Bag,Canvas tote bag printed with planets and stars artwork. Color scheme: Black and Multicolor.,15.00,https://via.placeholder.com/600x600.png?text=Coming+Soon,in stock,new,https://reincarnated.store/products/OM-009
OM-010,Stardust Cap,Black cap speckled with embroidered stars and Omniversal text. Color scheme: Black and White.,25.00,https://via.placeholder.com/600x600.png?text=Coming+Soon,in stock,new,https://reincarnated.store/products/OM-010
OM-011,Omniversal Galaxy Poster,Large poster showcasing a spiral galaxy with the Omniversal logo. Color scheme: Blue and Black.,15.00,https://via.placeholder.com/600x600.png?text=Coming+Soon,in stock,new,https://reincarnated.store/products/OM-011
OM-012,Cosmic Mandala Poster,Poster of a mandala made of stars and planets. Color scheme: Purple and Gold.,15.00,https://via.placeholder.com/600x600.png?text=Coming+Soon,in stock,new,https://reincarnated.store/products/OM-012
OM-013,Celestial Alignment Poster,Artwork poster depicting planets aligned in a cosmic scene. Color scheme: Blue and Orange.,20.00,https://via.placeholder.com/600x600.png?text=Coming+Soon,in stock,new,https://reincarnated.store/products/OM-013
OM-014,Omniversal Logo Sticker,Round sticker featuring the Omniversal logo and starfield background. Color scheme: Blue and White.,3.00,https://via.placeholder.com/600x600.png?text=Coming+Soon,in stock,new,https://reincarnated.store/products/OM-014
OM-015,Holographic Galaxy Sticker,Holographic sticker with a mini galaxy and planets. Color scheme: Rainbow on Black.,4.00,https://via.placeholder.com/600x600.png?text=Coming+Soon,in stock,new,https://reincarnated.store/products/OM-015
R2R-001,Phoenix Rebirth T-Shirt,T-shirt featuring a fiery phoenix rising from ashes. Color scheme: Black and Orange.,20.00,https://via.placeholder.com/600x600.png?text=Coming+Soon,in stock,new,https://reincarnated.store/products/R2R-001
R2R-002,Resist Forever Hoodie,Hoodie with bold RESIST text and flame accents. Color scheme: Black and Red.,45.00,https://via.placeholder.com/600x600.png?text=Coming+Soon,in stock,new,https://reincarnated.store/products/R2R-002
R2R-003,Rebel Camo Jacket,Camouflage jacket adorned with the R2R emblem and patches. Color scheme: Green Camo and Black.,50.00,https://via.placeholder.com/600x600.png?text=Coming+Soon,in stock,new,https://reincarnated.store/products/R2R-003
R2R-004,No Chains Long Sleeve,Long sleeve tee showing broken chains to symbolize freedom. Color scheme: Gray and Black.,30.00,https://via.placeholder.com/600x600.png?text=Coming+Soon,in stock,new,https://reincarnated.store/products/R2R-004
R2R-005,Resistance Symbol Tank Top,Tank top with a raised fist graphic and R2R tagline. Color scheme: White and Black.,20.00,https://via.placeholder.com/600x600.png?text=Coming+Soon,in stock,new,https://reincarnated.store/products/R2R-005
R2R-006,Resistance Fist Keychain,Metal keychain featuring a raised fist symbol charm. Color scheme: Silver and Black.,7.00,https://via.placeholder.com/600x600.png?text=Coming+Soon,in stock,new,https://reincarnated.store/products/R2R-006
R2R-007,Phoenix Flame Enamel Pin,Enamel pin depicting a phoenix with flames. Color scheme: Red and Gold.,8.00,https://via.placeholder.com/600x600.png?text=Coming+Soon,in stock,new,https://reincarnated.store/products/R2R-007
R2R-008,Never Surrender Wristband,Red silicone wristband embossed with Never Surrender. Color scheme: Red and White.,5.00,https://via.placeholder.com/600x600.png?text=Coming+Soon,in stock,new,https://reincarnated.store/products/R2R-008
R2R-009,Embroidered Rebel Patch,Embroidered patch with the Reincarnated2Resist phoenix emblem. Color scheme: Black and Orange.,6.00,https://via.placeholder.com/600x600.png?text=Coming+Soon,in stock,new,https://reincarnated.store/products/R2R-009
R2R-010,Freedom Bandana,Black bandana printed with a white phoenix and protest slogans. Color scheme: Black and White.,10.00,https://via.placeholder.com/600x600.png?text=Coming+Soon,in stock,new,https://reincarnated.store/products/R2R-010
R2R-011,Phoenix Rising Poster,Poster of a phoenix rising with the text Reborn to Resist. Color scheme: Orange and Black.,10.00,https://via.placeholder.com/600x600.png?text=Coming+Soon,in stock,new,https://reincarnated.store/products/R2R-011
R2R-012,Fist of Resistance Poster,Graphic poster featuring a large raised fist and rays of light. Color scheme: Red and Black.,12.00,https://via.placeholder.com/600x600.png?text=Coming+Soon,in stock,new,https://reincarnated.store/products/R2R-012
R2R-013,Rebellion Quote Poster,Poster with an inspirational resistance quote in bold typography. Color scheme: Black and White.,10.00,https://via.placeholder.com/600x600.png?text=Coming+Soon,in stock,new,https://reincarnated.store/products/R2R-013
R2R-014,Reincarnated2Resist Logo Sticker,Sticker of the R2R logo with phoenix and bold text. Color scheme: Black and Red.,3.00,https://via.placeholder.com/600x600.png?text=Coming+Soon,in stock,new,https://reincarnated.store/products/R2R-014
R2R-015,Phoenix Emblem Sticker,Die-cut sticker of the fiery phoenix emblem alone. Color scheme: Orange and Yellow.,4.00,https://via.placeholder.com/600x600.png?text=Coming+Soon,in stock,new,https://reincarnated.store/products/R2R-015
