Platform,Type,Title,SKU,Categories,Price,In Stock,Images,Description
HawkEyeTheRapper,music,Incantations,HAWK-FD-01,digital > Single,0.69,1,https://assets.omniversalmedia.org/src/images/HAWK-FD-01/HAWK-FD-01_front.png, https://assets.omniversalmedia.org/src/images/HAWK-FD-01/HAWK-FD-01_back.png, https://assets.omniversalmedia.org/src/images/HAWK-FD-01/HAWK-FD-01_side.png, https://assets.omniversalmedia.org/src/images/HAWK-FD-01/HAWK-FD-01_alt.png,"Digital download of ""Incantations"" by Hawk Eye The Rapper."
HawkEyeTheRapper,music,Mind Kontrol,HAWK-FD-02,digital > Single,0.69,1,https://assets.omniversalmedia.org/src/images/HAWK-FD-02/HAWK-FD-02_front.png, https://assets.omniversalmedia.org/src/images/HAWK-FD-02/HAWK-FD-02_back.png, https://assets.omniversalmedia.org/src/images/HAWK-FD-02/HAWK-FD-02_side.png, https://assets.omniversalmedia.org/src/images/HAWK-FD-02/HAWK-FD-02_alt.png,"Digital download of ""Mind Kontrol"" by Hawk Eye The Rapper."
HawkEyeTheRapper,music,Psyops,HAWK-FD-03,digital > Single,0.69,1,https://assets.omniversalmedia.org/src/images/HAWK-FD-03/HAWK-FD-03_front.png, https://assets.omniversalmedia.org/src/images/HAWK-FD-03/HAWK-FD-03_back.png, https://assets.omniversalmedia.org/src/images/HAWK-FD-03/HAWK-FD-03_side.png, https://assets.omniversalmedia.org/src/images/HAWK-FD-03/HAWK-FD-03_alt.png,"Digital download of ""Psyops"" by Hawk Eye The Rapper."
HawkEyeTheRapper,music,Will You Listen,HAWK-FD-03,digital > Single,0.69,1,https://assets.omniversalmedia.org/src/images/HAWK-FD-03/HAWK-FD-03_front.png, https://assets.omniversalmedia.org/src/images/HAWK-FD-03/HAWK-FD-03_back.png, https://assets.omniversalmedia.org/src/images/HAWK-FD-03/HAWK-FD-03_side.png, https://assets.omniversalmedia.org/src/images/HAWK-FD-03/HAWK-FD-03_alt.png,"Digital download of ""Will You Listen"" by Hawk Eye The Rapper."
HawkEyeTheRapper,music,The Game,HAWK-FD-04,digital > Shadow Banned,0.69,1,https://assets.omniversalmedia.org/src/images/HAWK-FD-04/HAWK-FD-04_front.png, https://assets.omniversalmedia.org/src/images/HAWK-FD-04/HAWK-FD-04_back.png, https://assets.omniversalmedia.org/src/images/HAWK-FD-04/HAWK-FD-04_side.png, https://assets.omniversalmedia.org/src/images/HAWK-FD-04/HAWK-FD-04_alt.png,"Digital download of ""Game"" by Hawk Eye The Rapper."
HawkEyeTheRapper,music,The Devil's In The Details,HAWK-FD-05,digital > Shadow Banned,0.69,1,https://assets.omniversalmedia.org/src/images/HAWK-FD-05/HAWK-FD-05_front.png, https://assets.omniversalmedia.org/src/images/HAWK-FD-05/HAWK-FD-05_back.png, https://assets.omniversalmedia.org/src/images/HAWK-FD-05/HAWK-FD-05_side.png, https://assets.omniversalmedia.org/src/images/HAWK-FD-05/HAWK-FD-05_alt.png,"Digital download of ""Devil S In The Details"" by Hawk Eye The Rapper."
HawkEyeTheRapper,music,Never Heard Of Me,HAWK-FD-06,digital > Shadow Banned,0.69,1,https://assets.omniversalmedia.org/src/images/HAWK-FD-06/HAWK-FD-06_front.png, https://assets.omniversalmedia.org/src/images/HAWK-FD-06/HAWK-FD-06_back.png, https://assets.omniversalmedia.org/src/images/HAWK-FD-06/HAWK-FD-06_side.png, https://assets.omniversalmedia.org/src/images/HAWK-FD-06/HAWK-FD-06_alt.png,"Digital download of ""Never Heard Of Me"" by Hawk Eye The Rapper."
HawkEyeTheRapper,music,Relentless,HAWK-FD-07,digital > Shadow Banned,0.69,1,https://assets.omniversalmedia.org/src/images/HAWK-FD-07/HAWK-FD-07_front.png, https://assets.omniversalmedia.org/src/images/HAWK-FD-07/HAWK-FD-07_back.png, https://assets.omniversalmedia.org/src/images/HAWK-FD-07/HAWK-FD-07_side.png, https://assets.omniversalmedia.org/src/images/HAWK-FD-07/HAWK-FD-07_alt.png,"Digital download of ""Relentless"" by Hawk Eye The Rapper."
HawkEyeTheRapper,music,Synthesis,HAWK-FD-08,digital > Shadow Banned,0.69,1,https://assets.omniversalmedia.org/src/images/HAWK-FD-08/HAWK-FD-08_front.png, https://assets.omniversalmedia.org/src/images/HAWK-FD-08/HAWK-FD-08_back.png, https://assets.omniversalmedia.org/src/images/HAWK-FD-08/HAWK-FD-08_side.png, https://assets.omniversalmedia.org/src/images/HAWK-FD-08/HAWK-FD-08_alt.png,"Digital download of ""Synthesis"" by Hawk Eye The Rapper."
HawkEyeTheRapper,music,Spiteful Poetry,HAWK-FD-09,digital > Shadow Banned,0.69,1,https://assets.omniversalmedia.org/src/images/HAWK-FD-09/HAWK-FD-09_front.png, https://assets.omniversalmedia.org/src/images/HAWK-FD-09/HAWK-FD-09_back.png, https://assets.omniversalmedia.org/src/images/HAWK-FD-09/HAWK-FD-09_side.png, https://assets.omniversalmedia.org/src/images/HAWK-FD-09/HAWK-FD-09_alt.png,"Digital download of ""Spiteful Poetry"" by Hawk Eye The Rapper."
HawkEyeTheRapper,music,Krystal Klear,HAWK-FD-10,digital > Shadow Banned,0.69,1,https://assets.omniversalmedia.org/src/images/HAWK-FD-10/HAWK-FD-10_front.png, https://assets.omniversalmedia.org/src/images/HAWK-FD-10/HAWK-FD-10_back.png, https://assets.omniversalmedia.org/src/images/HAWK-FD-10/HAWK-FD-10_side.png, https://assets.omniversalmedia.org/src/images/HAWK-FD-10/HAWK-FD-10_alt.png,"Digital download of ""Krystal Klear"" by Hawk Eye The Rapper."
HawkEyeTheRapper,music,Invokation,HAWK-FD-11,digital > Shadow Banned,0.69,1,https://assets.omniversalmedia.org/src/images/HAWK-FD-11/HAWK-FD-11_front.png, https://assets.omniversalmedia.org/src/images/HAWK-FD-11/HAWK-FD-11_back.png, https://assets.omniversalmedia.org/src/images/HAWK-FD-11/HAWK-FD-11_side.png, https://assets.omniversalmedia.org/src/images/HAWK-FD-11/HAWK-FD-11_alt.png,"Digital download of ""Invokation"" by Hawk Eye The Rapper."
HawkEyeTheRapper,music,Shadow Is Rising,HAWK-FD-12,digital > Shadow Banned,0.69,1,https://assets.omniversalmedia.org/src/images/HAWK-FD-12/HAWK-FD-12_front.png, https://assets.omniversalmedia.org/src/images/HAWK-FD-12/HAWK-FD-12_back.png, https://assets.omniversalmedia.org/src/images/HAWK-FD-12/HAWK-FD-12_side.png, https://assets.omniversalmedia.org/src/images/HAWK-FD-12/HAWK-FD-12_alt.png,"Digital download of ""Shadow Is Rising"" by Hawk Eye The Rapper."
HawkEyeTheRapper,music,Psychological Warfare,HAWK-FD-13,digital > Shadow Banned,0.69,1,https://assets.omniversalmedia.org/src/images/HAWK-FD-13/HAWK-FD-13_front.png, https://assets.omniversalmedia.org/src/images/HAWK-FD-13/HAWK-FD-13_back.png, https://assets.omniversalmedia.org/src/images/HAWK-FD-13/HAWK-FD-13_side.png, https://assets.omniversalmedia.org/src/images/HAWK-FD-13/HAWK-FD-13_alt.png,"Digital download of ""Psychological Warfare"" by Hawk Eye The Rapper."
HawkEyeTheRapper,music,Down The Rabbit Hole,HAWK-FD-14,digital > Shadow Banned,0.69,1,https://assets.omniversalmedia.org/src/images/HAWK-FD-14/HAWK-FD-14_front.png, https://assets.omniversalmedia.org/src/images/HAWK-FD-14/HAWK-FD-14_back.png, https://assets.omniversalmedia.org/src/images/HAWK-FD-14/HAWK-FD-14_side.png, https://assets.omniversalmedia.org/src/images/HAWK-FD-14/HAWK-FD-14_alt.png,"Digital download of ""Down The Rabbit Hole"" by Hawk Eye The Rapper."
HawkEyeTheRapper,music,Domestic Terrorist,HAWK-BAP-01,digital > Shadow Banned,0.69,1,https://assets.omniversalmedia.org/src/images/HAWK-BAP-01/HAWK-BAP-01_front.png, https://assets.omniversalmedia.org/src/images/HAWK-BAP-01/HAWK-BAP-01_back.png, https://assets.omniversalmedia.org/src/images/HAWK-BAP-01/HAWK-BAP-01_side.png, https://assets.omniversalmedia.org/src/images/HAWK-BAP-01/HAWK-BAP-01_alt.png,"Digital download of ""Domestic Terrorist"" by Hawk Eye The Rapper."
HawkEyeTheRapper,music,When Shit Gets Real,HAWK-BAP-02,digital > Behold A Pale Horse,0.69,1,https://assets.omniversalmedia.org/src/images/HAWK-BAP-02/HAWK-BAP-02_front.png, https://assets.omniversalmedia.org/src/images/HAWK-BAP-02/HAWK-BAP-02_back.png, https://assets.omniversalmedia.org/src/images/HAWK-BAP-02/HAWK-BAP-02_side.png, https://assets.omniversalmedia.org/src/images/HAWK-BAP-02/HAWK-BAP-02_alt.png,"Digital download of ""When Shit Gets Real"" by Hawk Eye The Rapper."
HawkEyeTheRapper,music,Legion,HAWK-BAP-03,digital > Milabs,0.69,1,https://assets.omniversalmedia.org/src/images/HAWK-BAP-03/HAWK-BAP-03_front.png, https://assets.omniversalmedia.org/src/images/HAWK-BAP-03/HAWK-BAP-03_back.png, https://assets.omniversalmedia.org/src/images/HAWK-BAP-03/HAWK-BAP-03_side.png, https://assets.omniversalmedia.org/src/images/HAWK-BAP-03/HAWK-BAP-03_alt.png,"Digital download of ""Legion"" by Hawk Eye The Rapper."
HawkEyeTheRapper,music,Swordfish,HAWK-BAP-04,digital > Full Disclosure,0.69,1,https://assets.omniversalmedia.org/src/images/HAWK-BAP-04/HAWK-BAP-04_front.png, https://assets.omniversalmedia.org/src/images/HAWK-BAP-04/HAWK-BAP-04_back.png, https://assets.omniversalmedia.org/src/images/HAWK-BAP-04/HAWK-BAP-04_side.png, https://assets.omniversalmedia.org/src/images/HAWK-BAP-04/HAWK-BAP-04_alt.png,"Digital download of ""Swordfish"" by Hawk Eye The Rapper."
HawkEyeTheRapper,music,Mic Check,HAWK-BAP-05,digital > Full Disclosure,0.69,1,https://assets.omniversalmedia.org/src/images/HAWK-BAP-05/HAWK-BAP-05_front.png, https://assets.omniversalmedia.org/src/images/HAWK-BAP-05/HAWK-BAP-05_back.png, https://assets.omniversalmedia.org/src/images/HAWK-BAP-05/HAWK-BAP-05_side.png, https://assets.omniversalmedia.org/src/images/HAWK-BAP-05/HAWK-BAP-05_alt.png,"Digital download of ""Mic Check"" by Hawk Eye The Rapper."
HawkEyeTheRapper,music,Shakur,HAWK-BAP-06,digital > Full Disclosure,0.69,1,https://assets.omniversalmedia.org/src/images/HAWK-BAP-06/HAWK-BAP-06_front.png, https://assets.omniversalmedia.org/src/images/HAWK-BAP-06/HAWK-BAP-06_back.png, https://assets.omniversalmedia.org/src/images/HAWK-BAP-06/HAWK-BAP-06_side.png, https://assets.omniversalmedia.org/src/images/HAWK-BAP-06/HAWK-BAP-06_alt.png,"Digital download of ""Shakur"" by Hawk Eye The Rapper."
HawkEyeTheRapper,music,Last One Left,HAWK-BAP-07,digital > Full Disclosure,0.69,1,https://assets.omniversalmedia.org/src/images/HAWK-BAP-07/HAWK-BAP-07_front.png, https://assets.omniversalmedia.org/src/images/HAWK-BAP-07/HAWK-BAP-07_back.png, https://assets.omniversalmedia.org/src/images/HAWK-BAP-07/HAWK-BAP-07_side.png, https://assets.omniversalmedia.org/src/images/HAWK-BAP-07/HAWK-BAP-07_alt.png,"Digital download of ""Last One Left"" by Hawk Eye The Rapper."
HawkEyeTheRapper,music,Full Disclosure,HAWK-BAP-08,digital > Full Disclosure,0.69,1,https://assets.omniversalmedia.org/src/images/HAWK-BAP-08/HAWK-BAP-08_front.png, https://assets.omniversalmedia.org/src/images/HAWK-BAP-08/HAWK-BAP-08_back.png, https://assets.omniversalmedia.org/src/images/HAWK-BAP-08/HAWK-BAP-08_side.png, https://assets.omniversalmedia.org/src/images/HAWK-BAP-08/HAWK-BAP-08_alt.png,"Digital download of ""Full Disclosure"" by Hawk Eye The Rapper."
HawkEyeTheRapper,music,Abreactions,HAWK-BAP-09,digital > Milabs,0.69,1,https://assets.omniversalmedia.org/src/images/HAWK-BAP-09/HAWK-BAP-09_front.png, https://assets.omniversalmedia.org/src/images/HAWK-BAP-09/HAWK-BAP-09_back.png, https://assets.omniversalmedia.org/src/images/HAWK-BAP-09/HAWK-BAP-09_side.png, https://assets.omniversalmedia.org/src/images/HAWK-BAP-09/HAWK-BAP-09_alt.png,"Digital download of ""Abreactions"" by Hawk Eye The Rapper."
HawkEyeTheRapper,music,Soft Disclosure,HAWK-BAP-10,digital > Milabs,0.69,1,https://assets.omniversalmedia.org/src/images/HAWK-BAP-10/HAWK-BAP-10_front.png, https://assets.omniversalmedia.org/src/images/HAWK-BAP-10/HAWK-BAP-10_back.png, https://assets.omniversalmedia.org/src/images/HAWK-BAP-10/HAWK-BAP-10_side.png, https://assets.omniversalmedia.org/src/images/HAWK-BAP-10/HAWK-BAP-10_alt.png,"Digital download of ""Soft Disclosure"" by Hawk Eye The Rapper."
HawkEyeTheRapper,music,Eyes Wide Open,HAWK-BAP-11,digital > Milabs,0.69,1,https://assets.omniversalmedia.org/src/images/HAWK-BAP-11/HAWK-BAP-11_front.png, https://assets.omniversalmedia.org/src/images/HAWK-BAP-11/HAWK-BAP-11_back.png, https://assets.omniversalmedia.org/src/images/HAWK-BAP-11/HAWK-BAP-11_side.png, https://assets.omniversalmedia.org/src/images/HAWK-BAP-11/HAWK-BAP-11_alt.png,"Digital download of ""Eyes Wide Open"" by Hawk Eye The Rapper."
HawkEyeTheRapper,music,Artificial Intelligence,HAWK-M-01,digital > Milabs,0.69,1,https://assets.omniversalmedia.org/src/images/HAWK-M-01/HAWK-M-01_front.png, https://assets.omniversalmedia.org/src/images/HAWK-M-01/HAWK-M-01_back.png, https://assets.omniversalmedia.org/src/images/HAWK-M-01/HAWK-M-01_side.png, https://assets.omniversalmedia.org/src/images/HAWK-M-01/HAWK-M-01_alt.png,"Digital download of ""Artificial Intelligence"" by Hawk Eye The Rapper."
HawkEyeTheRapper,music,When My Elites Surround,HAWK-M-02,digital > Milabs,0.69,1,https://assets.omniversalmedia.org/src/images/HAWK-M-02/HAWK-M-02_front.png, https://assets.omniversalmedia.org/src/images/HAWK-M-02/HAWK-M-02_back.png, https://assets.omniversalmedia.org/src/images/HAWK-M-02/HAWK-M-02_side.png, https://assets.omniversalmedia.org/src/images/HAWK-M-02/HAWK-M-02_alt.png,"Digital download of ""When My Elites Surround"" by Hawk Eye The Rapper."
HawkEyeTheRapper,music,Reincarnated 2 Resist,HAWK-M-03,digital > Milabs,0.69,1,https://assets.omniversalmedia.org/src/images/HAWK-M-03/HAWK-M-03_front.png, https://assets.omniversalmedia.org/src/images/HAWK-M-03/HAWK-M-03_back.png, https://assets.omniversalmedia.org/src/images/HAWK-M-03/HAWK-M-03_side.png, https://assets.omniversalmedia.org/src/images/HAWK-M-03/HAWK-M-03_alt.png,"Digital download of ""Reincarnated 2 Resist"" by Hawk Eye The Rapper."
HawkEyeTheRapper,music,Fema,HAWK-M-04,digital > Milabs,0.69,1,https://assets.omniversalmedia.org/src/images/HAWK-M-04/HAWK-M-04_front.png, https://assets.omniversalmedia.org/src/images/HAWK-M-04/HAWK-M-04_back.png, https://assets.omniversalmedia.org/src/images/HAWK-M-04/HAWK-M-04_side.png, https://assets.omniversalmedia.org/src/images/HAWK-M-04/HAWK-M-04_alt.png,"Digital download of ""Fema"" by Hawk Eye The Rapper."
HawkEyeTheRapper,music,Antidote,HAWK-M-05,digital > Milabs,0.69,1,https://assets.omniversalmedia.org/src/images/HAWK-M-05/HAWK-M-05_front.png, https://assets.omniversalmedia.org/src/images/HAWK-M-05/HAWK-M-05_back.png, https://assets.omniversalmedia.org/src/images/HAWK-M-05/HAWK-M-05_side.png, https://assets.omniversalmedia.org/src/images/HAWK-M-05/HAWK-M-05_alt.png,"Digital download of ""Antidote"" by Hawk Eye The Rapper."
HawkEyeTheRapper,music,Avalanche,HAWK-M-06,digital > Milabs,0.69,1,https://assets.omniversalmedia.org/src/images/HAWK-M-06/HAWK-M-06_front.png, https://assets.omniversalmedia.org/src/images/HAWK-M-06/HAWK-M-06_back.png, https://assets.omniversalmedia.org/src/images/HAWK-M-06/HAWK-M-06_side.png, https://assets.omniversalmedia.org/src/images/HAWK-M-06/HAWK-M-06_alt.png,"Digital download of ""Avalanche"" by Hawk Eye The Rapper."
HawkEyeTheRapper,music,Stay Real,HAWK-M-07,digital > Full Disclosure,0.69,1,https://assets.omniversalmedia.org/src/images/HAWK-M-07/HAWK-M-07_front.png, https://assets.omniversalmedia.org/src/images/HAWK-M-07/HAWK-M-07_back.png, https://assets.omniversalmedia.org/src/images/HAWK-M-07/HAWK-M-07_side.png, https://assets.omniversalmedia.org/src/images/HAWK-M-07/HAWK-M-07_alt.png,"Digital download of ""Stay Real"" by Hawk Eye The Rapper."
HawkEyeTheRapper,music,Illuminati,HAWK-M-08,digital > Milabs,0.69,1,https://assets.omniversalmedia.org/src/images/HAWK-M-08/HAWK-M-08_front.png, https://assets.omniversalmedia.org/src/images/HAWK-M-08/HAWK-M-08_back.png, https://assets.omniversalmedia.org/src/images/HAWK-M-08/HAWK-M-08_side.png, https://assets.omniversalmedia.org/src/images/HAWK-M-08/HAWK-M-08_alt.png,"Digital download of ""Illuminati"" by Hawk Eye The Rapper."
HawkEyeTheRapper,music,Syntax,HAWK-M-09,digital > Full Disclosure,0.69,1,https://assets.omniversalmedia.org/src/images/HAWK-M-09/HAWK-M-09_front.png, https://assets.omniversalmedia.org/src/images/HAWK-M-09/HAWK-M-09_back.png, https://assets.omniversalmedia.org/src/images/HAWK-M-09/HAWK-M-09_side.png, https://assets.omniversalmedia.org/src/images/HAWK-M-09/HAWK-M-09_alt.png,"Digital download of ""Syntax"" by Hawk Eye The Rapper."
HawkEyeTheRapper,music,Story Celebrated Throughout Time,HAWK-M-10,digital > Behold A Pale Horse,0.69,1,https://assets.omniversalmedia.org/src/images/HAWK-M-10/HAWK-M-10_front.png, https://assets.omniversalmedia.org/src/images/HAWK-M-10/HAWK-M-10_back.png, https://assets.omniversalmedia.org/src/images/HAWK-M-10/HAWK-M-10_side.png, https://assets.omniversalmedia.org/src/images/HAWK-M-10/HAWK-M-10_alt.png,"Digital download of ""Story Celebrated Throughout Time"" by Hawk Eye The Rapper."
HawkEyeTheRapper,music,Ashes,HAWK-M-11,digital > Full Disclosure,0.69,1,https://assets.omniversalmedia.org/src/images/HAWK-M-11/HAWK-M-11_front.png, https://assets.omniversalmedia.org/src/images/HAWK-M-11/HAWK-M-11_back.png, https://assets.omniversalmedia.org/src/images/HAWK-M-11/HAWK-M-11_side.png, https://assets.omniversalmedia.org/src/images/HAWK-M-11/HAWK-M-11_alt.png,"Digital download of ""Ashes"" by Hawk Eye The Rapper."
HawkEyeTheRapper,music,Superstitions,HAWK-M-12,digital > Behold A Pale Horse,0.69,1,https://assets.omniversalmedia.org/src/images/HAWK-M-12/HAWK-M-12_front.png, https://assets.omniversalmedia.org/src/images/HAWK-M-12/HAWK-M-12_back.png, https://assets.omniversalmedia.org/src/images/HAWK-M-12/HAWK-M-12_side.png, https://assets.omniversalmedia.org/src/images/HAWK-M-12/HAWK-M-12_alt.png,"Digital download of ""Superstitions"" by Hawk Eye The Rapper."
HawkEyeTheRapper,music,Behold A Pale Horse,HAWK-M-13,digital > Behold A Pale Horse,0.69,1,https://assets.omniversalmedia.org/src/images/HAWK-M-13/HAWK-M-13_front.png, https://assets.omniversalmedia.org/src/images/HAWK-M-13/HAWK-M-13_back.png, https://assets.omniversalmedia.org/src/images/HAWK-M-13/HAWK-M-13_side.png, https://assets.omniversalmedia.org/src/images/HAWK-M-13/HAWK-M-13_alt.png,"Digital download of ""Behold A Pale Horse"" by Hawk Eye The Rapper."
HawkEyeTheRapper,music,Kamikaze,HAWK-ME-01,digital > Behold A Pale Horse,0.69,1,https://assets.omniversalmedia.org/src/images/HAWK-ME-01/HAWK-ME-01_front.png, https://assets.omniversalmedia.org/src/images/HAWK-ME-01/HAWK-ME-01_back.png, https://assets.omniversalmedia.org/src/images/HAWK-ME-01/HAWK-ME-01_side.png, https://assets.omniversalmedia.org/src/images/HAWK-ME-01/HAWK-ME-01_alt.png,"Digital download of ""Kamikaze"" by Hawk Eye The Rapper."
HawkEyeTheRapper,music,Whistle Blower,HAWK-ME-02,digital > Behold A Pale Horse,0.69,1,https://assets.omniversalmedia.org/src/images/HAWK-ME-02/HAWK-ME-02_front.png, https://assets.omniversalmedia.org/src/images/HAWK-ME-02/HAWK-ME-02_back.png, https://assets.omniversalmedia.org/src/images/HAWK-ME-02/HAWK-ME-02_side.png, https://assets.omniversalmedia.org/src/images/HAWK-ME-02/HAWK-ME-02_alt.png,"Digital download of ""Whistle Blower"" by Hawk Eye The Rapper."
HawkEyeTheRapper,music,Story Of Our Former Glory,HAWK-ME-03,digital > Full Disclosure,0.69,1,https://assets.omniversalmedia.org/src/images/HAWK-ME-03/HAWK-ME-03_front.png, https://assets.omniversalmedia.org/src/images/HAWK-ME-03/HAWK-ME-03_back.png, https://assets.omniversalmedia.org/src/images/HAWK-ME-03/HAWK-ME-03_side.png, https://assets.omniversalmedia.org/src/images/HAWK-ME-03/HAWK-ME-03_alt.png,"Digital download of ""Story Of Our Former Glory"" by Hawk Eye The Rapper."
HawkEyeTheRapper,music,Warning Shots,HAWK-ME-04,digital > Behold A Pale Horse,0.69,1,https://assets.omniversalmedia.org/src/images/HAWK-ME-04/HAWK-ME-04_front.png, https://assets.omniversalmedia.org/src/images/HAWK-ME-04/HAWK-ME-04_back.png, https://assets.omniversalmedia.org/src/images/HAWK-ME-04/HAWK-ME-04_side.png, https://assets.omniversalmedia.org/src/images/HAWK-ME-04/HAWK-ME-04_alt.png,"Digital download of ""Warning Shots"" by Hawk Eye The Rapper."
HawkEyeTheRapper,music,Fuck Society,HAWK-SB-01,digital > Full Disclosure,0.69,1,https://assets.omniversalmedia.org/src/images/HAWK-SB-01/HAWK-SB-01_front.png, https://assets.omniversalmedia.org/src/images/HAWK-SB-01/HAWK-SB-01_back.png, https://assets.omniversalmedia.org/src/images/HAWK-SB-01/HAWK-SB-01_side.png, https://assets.omniversalmedia.org/src/images/HAWK-SB-01/HAWK-SB-01_alt.png,"Digital download of ""Fuck Society"" by Hawk Eye The Rapper."
HawkEyeTheRapper,music,Monumental,HAWK-SB-02,digital > Full Disclosure,0.69,1,https://assets.omniversalmedia.org/src/images/HAWK-SB-02/HAWK-SB-02_front.png, https://assets.omniversalmedia.org/src/images/HAWK-SB-02/HAWK-SB-02_back.png, https://assets.omniversalmedia.org/src/images/HAWK-SB-02/HAWK-SB-02_side.png, https://assets.omniversalmedia.org/src/images/HAWK-SB-02/HAWK-SB-02_alt.png,"Digital download of ""Monumental"" by Hawk Eye The Rapper."
HawkEyeTheRapper,music,Trafficked,HAWK-SB-03,digital > Full Disclosure,0.69,1,https://assets.omniversalmedia.org/src/images/HAWK-SB-03/HAWK-SB-03_front.png, https://assets.omniversalmedia.org/src/images/HAWK-SB-03/HAWK-SB-03_back.png, https://assets.omniversalmedia.org/src/images/HAWK-SB-03/HAWK-SB-03_side.png, https://assets.omniversalmedia.org/src/images/HAWK-SB-03/HAWK-SB-03_alt.png,"Digital download of ""Trafficked"" by Hawk Eye The Rapper."
HawkEyeTheRapper,music,Hocus Pocus,HAWK-SB-04,digital > Full Disclosure,0.69,1,https://assets.omniversalmedia.org/src/images/HAWK-SB-04/HAWK-SB-04_front.png, https://assets.omniversalmedia.org/src/images/HAWK-SB-04/HAWK-SB-04_back.png, https://assets.omniversalmedia.org/src/images/HAWK-SB-04/HAWK-SB-04_side.png, https://assets.omniversalmedia.org/src/images/HAWK-SB-04/HAWK-SB-04_alt.png,"Digital download of ""Hocus Pocus"" by Hawk Eye The Rapper."
HawkEyeTheRapper,music,K T,HAWK-SB-05,digital > Behold A Pale Horse,0.69,1,https://assets.omniversalmedia.org/src/images/HAWK-SB-05/HAWK-SB-05_front.png, https://assets.omniversalmedia.org/src/images/HAWK-SB-05/HAWK-SB-05_back.png, https://assets.omniversalmedia.org/src/images/HAWK-SB-05/HAWK-SB-05_side.png, https://assets.omniversalmedia.org/src/images/HAWK-SB-05/HAWK-SB-05_alt.png,"Digital download of ""K T"" by Hawk Eye The Rapper."
HawkEyeTheRapper,music,Delta Squad,HAWK-SB-06,digital > Malicious EP,0.69,1,https://assets.omniversalmedia.org/src/images/HAWK-SB-06/HAWK-SB-06_front.png, https://assets.omniversalmedia.org/src/images/HAWK-SB-06/HAWK-SB-06_back.png, https://assets.omniversalmedia.org/src/images/HAWK-SB-06/HAWK-SB-06_side.png, https://assets.omniversalmedia.org/src/images/HAWK-SB-06/HAWK-SB-06_alt.png,"Digital download of ""Delta Squad"" by Hawk Eye The Rapper."
HawkEyeTheRapper,music,Scripture,HAWK-SB-07,digital > Behold A Pale Horse,0.69,1,https://assets.omniversalmedia.org/src/images/HAWK-SB-07/HAWK-SB-07_front.png, https://assets.omniversalmedia.org/src/images/HAWK-SB-07/HAWK-SB-07_back.png, https://assets.omniversalmedia.org/src/images/HAWK-SB-07/HAWK-SB-07_side.png, https://assets.omniversalmedia.org/src/images/HAWK-SB-07/HAWK-SB-07_alt.png,"Digital download of ""Scripture"" by Hawk Eye The Rapper."
HawkEyeTheRapper,music,Menace To Society,HAWK-SB-08,digital > Behold A Pale Horse,0.69,1,https://assets.omniversalmedia.org/src/images/HAWK-SB-08/HAWK-SB-08_front.png, https://assets.omniversalmedia.org/src/images/HAWK-SB-08/HAWK-SB-08_back.png, https://assets.omniversalmedia.org/src/images/HAWK-SB-08/HAWK-SB-08_side.png, https://assets.omniversalmedia.org/src/images/HAWK-SB-08/HAWK-SB-08_alt.png,"Digital download of ""Menace To Society"" by Hawk Eye The Rapper."
HawkEyeTheRapper,music,Semi Automatic,HAWK-SB-09,digital > Behold A Pale Horse,0.69,1,https://assets.omniversalmedia.org/src/images/HAWK-SB-09/HAWK-SB-09_front.png, https://assets.omniversalmedia.org/src/images/HAWK-SB-09/HAWK-SB-09_back.png, https://assets.omniversalmedia.org/src/images/HAWK-SB-09/HAWK-SB-09_side.png, https://assets.omniversalmedia.org/src/images/HAWK-SB-09/HAWK-SB-09_alt.png,"Digital download of ""Semi Automatic"" by Hawk Eye The Rapper."
HawkEyeTheRapper,music,Reverse This Curse,HAWK-SB-10,digital > Behold A Pale Horse,0.69,1,https://assets.omniversalmedia.org/src/images/HAWK-SB-10/HAWK-SB-10_front.png, https://assets.omniversalmedia.org/src/images/HAWK-SB-10/HAWK-SB-10_back.png, https://assets.omniversalmedia.org/src/images/HAWK-SB-10/HAWK-SB-10_side.png, https://assets.omniversalmedia.org/src/images/HAWK-SB-10/HAWK-SB-10_alt.png,"Digital download of ""Reverse This Curse"" by Hawk Eye The Rapper."
HawkEyeTheRapper,music,Lifted,HAWK-SB-11,digital > Full Disclosure,0.69,1,https://assets.omniversalmedia.org/src/images/HAWK-SB-11/HAWK-SB-11_front.png, https://assets.omniversalmedia.org/src/images/HAWK-SB-11/HAWK-SB-11_back.png, https://assets.omniversalmedia.org/src/images/HAWK-SB-11/HAWK-SB-11_side.png, https://assets.omniversalmedia.org/src/images/HAWK-SB-11/HAWK-SB-11_alt.png,"Digital download of ""Lifted"" by Hawk Eye The Rapper."
HawkEyeTheRapper,music,Haunted,HAWK-SB-12,digital > Full Disclosure,0.69,1,https://assets.omniversalmedia.org/src/images/HAWK-SB-12/HAWK-SB-12_front.png, https://assets.omniversalmedia.org/src/images/HAWK-SB-12/HAWK-SB-12_back.png, https://assets.omniversalmedia.org/src/images/HAWK-SB-12/HAWK-SB-12_side.png, https://assets.omniversalmedia.org/src/images/HAWK-SB-12/HAWK-SB-12_alt.png,"Digital download of ""Haunted"" by Hawk Eye The Rapper."
HawkEyeTheRapper,music,Implants,HAWK-SB-13,digital > Milabs,0.69,1,https://assets.omniversalmedia.org/src/images/HAWK-SB-13/HAWK-SB-13_front.png, https://assets.omniversalmedia.org/src/images/HAWK-SB-13/HAWK-SB-13_back.png, https://assets.omniversalmedia.org/src/images/HAWK-SB-13/HAWK-SB-13_side.png, https://assets.omniversalmedia.org/src/images/HAWK-SB-13/HAWK-SB-13_alt.png,"Digital download of ""Implants"" by Hawk Eye The Rapper."